TimeStamp,Time,Date,TimeSinceLastEvent,PupilTime,UnityToPupilTimeOffset,GameId,RightControllerMain,MirrorEffect,EyePatch,PrismEffect,DualTask,HitPositionWorldX,HitPositionWorldY,HitPositionWorldZ,ControllerSmoothed,ControllerAimAssistState,LastShotControllerRawPointingDirectionX,LastShotControllerRawPointingDirectionY,LastShotControllerRawPointingDirectionZ,LastShotControllerFilteredPointingDirectionX,LastShotControllerFilteredPointingDirectionY,LastShotControllerFilteredPointingDirectionZ,ParticipantId,TestId,GameState,GameDuration,GameSpeed,GameTimeSpent,GameTimeLeft,WallRowCount,WallColumnCount,WallSizeX,WallSizeY,WallSizeZ,WallCurveRatioX,WallCurveRatioY,PlayedPattern,Event,EventType,MolePositionWorldX,MolePositionWorldY,MolePositionWorldZ,MolePositionLocalX,MolePositionLocalY,MolePositionLocalZ,MoleLifeTime,MoleActivatedDuration,MoleId,MoleIndexX,MoleIndexY,MoleNormalizedIndexX,MoleNormalizedIndexY,MoleSurfaceHitLocationX,MoleSurfaceHitLocationY,RightControllerPosWorldX,RightControllerPosWorldY,RightControllerPosWorldZ,RightControllerRotEulerX,RightControllerRotEulerY,RightControllerRotEulerZ,RightControllerPosTravelX,RightControllerPosTravelY,RightControllerPosTravelZ,RightControllerRotTravelX,RightControllerRotTravelY,RightControllerRotTravelZ,HeadCameraPosWorldX,HeadCameraPosWorldY,HeadCameraPosWorldZ,HeadCameraRotEulerX,HeadCameraRotEulerY,HeadCameraRotEulerZ,HeadCameraRotTravelX,HeadCameraRotTravelY,HeadCameraRotTravelZ,LeftControllerPosWorldX,LeftControllerPosWorldY,LeftControllerPosWorldZ,LeftControllerRotEulerX,LeftControllerRotEulerY,LeftControllerRotEulerZ,LeftControllerPosTravelX,LeftControllerPosTravelY,LeftControllerPosTravelZ,LeftControllerRotTravelX,LeftControllerRotTravelY,LeftControllerRotTravelZ,LeftControllerLaserPosWorldX,LeftControllerLaserPosWorldY,LeftControllerLaserPosWorldZ,LeftControllerLaserRotEulerX,LeftControllerLaserRotEulerY,LeftControllerLaserRotEulerZ,LeftControllerLaserPosTravelX,LeftControllerLaserPosTravelY,LeftControllerLaserPosTravelZ,RightControllerLaserPosWorldX,RightControllerLaserPosWorldY,RightControllerLaserPosWorldZ,RightControllerLaserRotEulerX,RightControllerLaserRotEulerY,RightControllerLaserRotEulerZ,RightControllerLaserPosTravelX,RightControllerLaserPosTravelY,RightControllerLaserPosTravelZ,CurrentMoleToHitId,CurrentMoleToHitIndexX,CurrentMoleToHitIndexY,CurrentMoleToHitPositionWorldX,CurrentMoleToHitPositionWorldY,CurrentMoleToHitPositionWorldZ,CurrentMoleToHitPositionLocalX,CurrentMoleToHitPositionLocalY,CurrentMoleToHitPositionLocalZ,ClosestActiveMoleDistanceX,ClosestActiveMoleDistanceY
2020-03-16 10:14:55.6430,10:14:55.6430,2020-03-16,108.5782,91052.729264,90941.4679877118,0020200316101306,False,False,None,0.0000,False,NULL,NULL,NULL,True,None,NULL,NULL,NULL,NULL,NULL,NULL,1,1,Stopped,153.5000,Normal,NULL,NULL,7,9,5.0000,3.2000,3.0000,0.6000,0.4000,rtii,Game Started,GameEvent,NULL,NULL,NULL,NULL,NULL,NULL,NULL,NULL,NULL,NULL,NULL,NULL,NULL,NULL,NULL,NULL,NULL,NULL,NULL,NULL,NULL,NULL,NULL,NULL,NULL,NULL,NULL,NULL,NULL,NULL,NULL,NULL,NULL,NULL,NULL,NULL,NULL,NULL,NULL,NULL,NULL,NULL,NULL,NULL,NULL,NULL,NULL,NULL,NULL,NULL,NULL,NULL,NULL,NULL,NULL,NULL,NULL,NULL,NULL,NULL,NULL,NULL,NULL,NULL,NULL,NULL,NULL,NULL,NULL,NULL,NULL,NULL,NULL,NULL,NULL,NULL,NULL
2020-03-16 10:15:09.1236,10:15:09.1236,2020-03-16,13.5147,91066.209783,90941.4679877118,0020200316101306,False,False,None,0.0000,False,NULL,NULL,NULL,True,None,NULL,NULL,NULL,NULL,NULL,NULL,1,1,Playing,153.5000,Normal,13.4976,140.0024,7,9,5.0000,3.2000,3.0000,0.6000,0.4000,rtii,Mole Spawned,MoleEvent,3.3709,2.3513,5.2897,3.3709,0.5013,4.7397,3.5000,NULL,1004,10,4,1.0000,0.6000,NULL,NULL,-0.3443,0.7609,0.4267,1.3100,3.2636,343.9218,0.5224,0.2936,0.3317,6209.0700,1522.5980,837.7893,-0.4521,1.2582,0.0242,355.8473,1.2449,359.3500,405.0521,2981.0460,386.9846,0.0000,0.0000,0.0000,0.0000,0.0000,0.0000,0.0000,0.0000,0.0000,0.0000,0.0000,0.0000,0.0000,0.0000,0.0000,0.0000,0.0000,0.0000,0.0000,0.0000,0.0000,0.0067,0.6243,6.5213,1.3100,3.2636,343.9218,8.0303,8.6952,8.6974,NULL,NULL,NULL,NULL,NULL,NULL,NULL,NULL,NULL,NULL,NULL
2020-03-16 10:15:10.3008,10:15:10.3018,2020-03-16,1.1759,91067.387549,90941.4679877118,0020200316101306,False,False,None,0.0000,False,NULL,NULL,NULL,True,None,0.5891,0.2439,0.7704,0.5837,0.2510,0.7722,1,1,Playing,153.5000,Normal,14.6646,138.8354,7,9,5.0000,3.2000,3.0000,0.6000,0.4000,rtii,Pointer Shoot,PointerEvent,NULL,NULL,NULL,NULL,NULL,NULL,NULL,NULL,NULL,NULL,NULL,NULL,NULL,NULL,NULL,NULL,NULL,NULL,NULL,NULL,NULL,NULL,NULL,NULL,NULL,NULL,NULL,NULL,NULL,NULL,NULL,NULL,NULL,NULL,NULL,NULL,NULL,NULL,NULL,NULL,NULL,NULL,NULL,NULL,NULL,NULL,NULL,NULL,NULL,NULL,NULL,NULL,NULL,NULL,NULL,NULL,NULL,NULL,NULL,NULL,NULL,NULL,NULL,NULL,NULL,NULL,NULL,NULL,NULL,NULL,NULL,NULL,NULL,NULL,NULL,NULL,NULL
2020-03-16 10:15:10.3048,10:15:10.3048,2020-03-16,0.0000,91067.391382,90941.4679877118,0020200316101306,False,False,None,0.0000,False,NULL,NULL,NULL,True,None,0.5891,0.2439,0.7704,0.5837,0.2510,0.7722,1,1,Playing,153.5000,Normal,14.6646,138.8354,7,9,5.0000,3.2000,3.0000,0.6000,0.4000,rtii,Mole Hit,MoleEvent,3.3709,2.3513,5.2897,3.3709,0.5013,4.7397,3.5000,1.1670,1004,10,4,1.0000,0.6000,0.0870,0.0564,-0.1302,0.8653,0.4384,345.8826,37.4066,342.2431,0.2161,0.1085,0.0458,377.5040,39.9154,18.6204,-0.4053,1.2565,0.0270,356.9980,23.6397,353.9243,2.6577,24.3193,6.1809,0.0000,0.0000,0.0000,0.0000,0.0000,0.0000,0.0000,0.0000,0.0000,0.0000,0.0000,0.0000,0.0000,0.0000,0.0000,0.0000,0.0000,0.0000,0.0000,0.0000,0.0000,3.4513,2.4053,5.1767,345.8826,37.4066,342.2431,3.4782,1.9123,1.8729,1004,10,4,3.3709,2.3513,5.2897,3.3709,0.5013,4.7397,NULL,NULL
2020-03-16 10:15:12.6221,10:15:12.6221,2020-03-16,2.3207,91069.708565,90941.4679877118,0020200316101306,False,False,None,0.0000,False,NULL,NULL,NULL,True,None,0.5891,0.2439,0.7704,0.5837,0.2510,0.7722,1,1,Playing,153.5000,Normal,16.9978,136.5022,7,9,5.0000,3.2000,3.0000,0.6000,0.4000,rtii,Mole Spawned,MoleEvent,-2.7880,3.3225,5.5688,-2.7880,1.4725,5.0188,3.5000,NULL,0205,2,5,0.1111,0.8000,NULL,NULL,-0.3389,0.7862,0.4234,357.0330,3.3986,346.2503,0.2382,0.1146,0.0411,21.7614,42.7681,16.8721,-0.4436,1.2660,0.0155,350.4199,4.6573,357.3857,8.4510,1482.0370,7.8079,0.0000,0.0000,0.0000,0.0000,0.0000,0.0000,0.0000,0.0000,0.0000,0.0000,0.0000,0.0000,0.0000,0.0000,0.0000,0.0000,0.0000,0.0000,0.0000,0.0000,0.0000,0.0263,1.1186,6.6172,357.0330,3.3986,346.2503,4.0270,2.0006,1.8303,1004,10,4,3.3709,2.3513,5.2897,3.3709,0.5013,4.7397,NULL,NULL
2020-03-16 10:15:13.5264,10:15:13.5264,2020-03-16,0.9100,91070.61234,90941.4679877118,0020200316101306,False,False,None,0.0000,False,NULL,NULL,NULL,True,None,-0.3897,0.4064,0.8264,-0.3852,0.4012,0.8310,1,1,Playing,153.5000,Normal,17.9050,135.5950,7,9,5.0000,3.2000,3.0000,0.6000,0.4000,rtii,Pointer Shoot,PointerEvent,NULL,NULL,NULL,NULL,NULL,NULL,NULL,NULL,NULL,NULL,NULL,NULL,NULL,NULL,NULL,NULL,NULL,NULL,NULL,NULL,NULL,NULL,NULL,NULL,NULL,NULL,NULL,NULL,NULL,NULL,NULL,NULL,NULL,NULL,NULL,NULL,NULL,NULL,NULL,NULL,NULL,NULL,NULL,NULL,NULL,NULL,NULL,NULL,NULL,NULL,NULL,NULL,NULL,NULL,NULL,NULL,NULL,NULL,NULL,NULL,NULL,NULL,NULL,NULL,NULL,NULL,NULL,NULL,NULL,NULL,NULL,NULL,NULL,NULL,NULL,NULL,NULL
2020-03-16 10:15:13.5284,10:15:13.5284,2020-03-16,0.0000,91070.614954,90941.4679877118,0020200316101306,False,False,None,0.0000,False,NULL,NULL,NULL,True,None,-0.3897,0.4064,0.8264,-0.3852,0.4012,0.8310,1,1,Playing,153.5000,Normal,17.9050,135.5950,7,9,5.0000,3.2000,3.0000,0.6000,0.4000,rtii,Mole Hit,MoleEvent,-2.7880,3.3225,5.5688,-2.7880,1.4725,5.0188,3.5000,0.9072,0205,2,5,0.1111,0.8000,-0.0315,0.0376,-0.4239,0.8655,0.3614,336.0183,334.7549,3.4645,0.0881,0.0824,0.0626,24.3251,383.0717,379.1996,-0.4773,1.2658,0.0123,350.9213,341.3232,359.4092,1.8284,383.4689,3.4608,0.0000,0.0000,0.0000,0.0000,0.0000,0.0000,0.0000,0.0000,0.0000,0.0000,0.0000,0.0000,0.0000,0.0000,0.0000,0.0000,0.0000,0.0000,0.0000,0.0000,0.0000,-2.8154,3.3560,5.5202,336.0183,334.7549,3.4645,2.8490,2.3235,1.3495,0205,2,5,-2.7880,3.3225,5.5688,-2.7880,1.4725,5.0188,NULL,NULL
2020-03-16 10:15:16.1460,10:15:16.1460,2020-03-16,2.6196,91073.232449,90941.4679877118,0020200316101306,False,False,None,0.0000,False,NULL,NULL,NULL,True,None,-0.3897,0.4064,0.8264,-0.3852,0.4012,0.8310,1,1,Playing,153.5000,Normal,20.5206,132.9794,7,9,5.0000,3.2000,3.0000,0.6000,0.4000,rtii,Mole Spawned,MoleEvent,2.7880,2.3513,5.7558,2.7880,0.5013,5.2058,3.5000,NULL,0904,9,4,0.8889,0.6000,NULL,NULL,-0.3322,0.7798,0.4308,355.7491,2.8321,349.7841,0.1377,0.1118,0.0940,26.7554,400.7529,384.4777,-0.4418,1.2655,0.0187,350.9745,5.6738,357.5734,4.3713,385.1406,4.9393,0.0000,0.0000,0.0000,0.0000,0.0000,0.0000,0.0000,0.0000,0.0000,0.0000,0.0000,0.0000,0.0000,0.0000,0.0000,0.0000,0.0000,0.0000,0.0000,0.0000,0.0000,-0.0217,1.2378,6.6404,355.7491,2.8321,349.7841,3.7022,2.5785,1.9226,0205,2,5,-2.7880,3.3225,5.5688,-2.7880,1.4725,5.0188,NULL,NULL
2020-03-16 10:15:17.0720,10:15:17.0720,2020-03-16,0.9268,91074.158633,90941.4679877118,0020200316101306,False,False,None,0.0000,False,NULL,NULL,NULL,True,None,0.4844,0.2094,0.8494,0.4844,0.2154,0.8479,1,1,Playing,153.5000,Normal,21.4497,132.0504,7,9,5.0000,3.2000,3.0000,0.6000,0.4000,rtii,Pointer Shoot,PointerEvent,NULL,NULL,NULL,NULL,NULL,NULL,NULL,NULL,NULL,NULL,NULL,NULL,NULL,NULL,NULL,NULL,NULL,NULL,NULL,NULL,NULL,NULL,NULL,NULL,NULL,NULL,NULL,NULL,NULL,NULL,NULL,NULL,NULL,NULL,NULL,NULL,NULL,NULL,NULL,NULL,NULL,NULL,NULL,NULL,NULL,NULL,NULL,NULL,NULL,NULL,NULL,NULL,NULL,NULL,NULL,NULL,NULL,NULL,NULL,NULL,NULL,NULL,NULL,NULL,NULL,NULL,NULL,NULL,NULL,NULL,NULL,NULL,NULL,NULL,NULL,NULL,NULL
2020-03-16 10:15:17.0740,10:15:17.0740,2020-03-16,0.0000,91074.160763,90941.4679877118,0020200316101306,False,False,None,0.0000,False,NULL,NULL,NULL,True,None,0.4844,0.2094,0.8494,0.4844,0.2154,0.8479,1,1,Playing,153.5000,Normal,21.4497,132.0504,7,9,5.0000,3.2000,3.0000,0.6000,0.4000,rtii,Mole Hit,MoleEvent,2.7880,2.3513,5.7558,2.7880,0.5013,5.2058,3.5000,0.9290,0904,9,4,0.8889,0.6000,0.0384,-0.1706,-0.2064,0.8319,0.4414,347.9152,29.6942,344.5106,0.1331,0.0633,0.0169,16.6015,32.9141,17.2361,-0.4279,1.2637,0.0210,352.2481,13.4702,356.2457,1.3297,8.9810,1.9491,0.0000,0.0000,0.0000,0.0000,0.0000,0.0000,0.0000,0.0000,0.0000,0.0000,0.0000,0.0000,0.0000,0.0000,0.0000,0.0000,0.0000,0.0000,0.0000,0.0000,0.0000,2.8216,2.1787,5.7421,347.9152,29.6942,344.5106,3.0349,1.2563,1.2178,0904,9,4,2.7880,2.3513,5.7558,2.7880,0.5013,5.2058,NULL,NULL
2020-03-16 10:15:19.6572,10:15:19.6572,2020-03-16,2.5841,91076.74421,90941.4679877118,0020200316101306,False,False,None,0.0000,False,NULL,NULL,NULL,True,None,0.4844,0.2094,0.8494,0.4844,0.2154,0.8479,1,1,Playing,153.5000,Normal,24.0362,129.4638,7,9,5.0000,3.2000,3.0000,0.6000,0.4000,rtii,Mole Spawned,MoleEvent,-1.2876,1.3487,6.3795,-1.2876,-0.5013,5.8295,3.5000,NULL,0403,4,3,0.3333,0.4000,NULL,NULL,-0.3386,0.7762,0.4274,356.5331,3.7562,349.0849,0.1911,0.0951,0.0407,18.5426,759.0475,17.4851,-0.4471,1.2643,0.0217,352.1440,0.3090,357.2999,3.7598,747.3013,3.5501,0.0000,0.0000,0.0000,0.0000,0.0000,0.0000,0.0000,0.0000,0.0000,0.0000,0.0000,0.0000,0.0000,0.0000,0.0000,0.0000,0.0000,0.0000,0.0000,0.0000,0.0000,0.0648,1.1444,6.6223,356.5331,3.7562,349.0849,3.8385,1.7616,1.6627,0904,9,4,2.7880,2.3513,5.7558,2.7880,0.5013,5.2058,NULL,NULL
2020-03-16 10:15:20.5915,10:15:20.5915,2020-03-16,0.9348,91077.677599,90941.4679877118,0020200316101306,False,False,None,0.0000,False,NULL,NULL,NULL,True,None,-0.1244,0.0855,0.9885,-0.1447,0.0802,0.9861,1,1,Playing,153.5000,Normal,24.9703,128.5297,7,9,5.0000,3.2000,3.0000,0.6000,0.4000,rtii,Pointer Shoot,PointerEvent,NULL,NULL,NULL,NULL,NULL,NULL,NULL,NULL,NULL,NULL,NULL,NULL,NULL,NULL,NULL,NULL,NULL,NULL,NULL,NULL,NULL,NULL,NULL,NULL,NULL,NULL,NULL,NULL,NULL,NULL,NULL,NULL,NULL,NULL,NULL,NULL,NULL,NULL,NULL,NULL,NULL,NULL,NULL,NULL,NULL,NULL,NULL,NULL,NULL,NULL,NULL,NULL,NULL,NULL,NULL,NULL,NULL,NULL,NULL,NULL,NULL,NULL,NULL,NULL,NULL,NULL,NULL,NULL,NULL,NULL,NULL,NULL,NULL,NULL,NULL,NULL,NULL
2020-03-16 10:15:20.5935,10:15:20.5935,2020-03-16,0.0000,91077.679792,90941.4679877118,0020200316101306,False,False,None,0.0000,False,NULL,NULL,NULL,True,None,-0.1244,0.0855,0.9885,-0.1447,0.0802,0.9861,1,1,Playing,153.5000,Normal,24.9703,128.5297,7,9,5.0000,3.2000,3.0000,0.6000,0.4000,rtii,Mole Hit,MoleEvent,-1.2876,1.3487,6.3795,-1.2876,-0.5013,5.8295,3.5000,0.9341,0403,4,3,0.3333,0.4000,0.0376,-0.0822,-0.3747,0.7814,0.4149,355.0925,352.8283,352.8748,0.0474,0.0208,0.0149,7.5242,372.6380,10.4653,-0.4572,1.2561,0.0272,357.6158,354.7179,358.8215,5.6840,366.8299,1.7814,0.0000,0.0000,0.0000,0.0000,0.0000,0.0000,0.0000,0.0000,0.0000,0.0000,0.0000,0.0000,0.0000,0.0000,0.0000,0.0000,0.0000,0.0000,0.0000,0.0000,0.0000,-1.2488,1.2656,6.3708,355.0925,352.8283,352.8748,1.4254,0.5233,0.5543,0403,4,3,-1.2876,1.3487,6.3795,-1.2876,-0.5013,5.8295,NULL,NULL
2020-03-16 10:15:23.1683,10:15:23.1683,2020-03-16,2.5753,91080.254089,90941.4679877118,0020200316101306,False,False,None,0.0000,False,NULL,NULL,NULL,True,None,-0.1244,0.0855,0.9885,-0.1447,0.0802,0.9861,1,1,Playing,153.5000,Normal,27.5372,125.9628,7,9,5.0000,3.2000,3.0000,0.6000,0.4000,rtii,Mole Spawned,MoleEvent,1.2876,-0.5011,5.8302,1.2876,-2.3511,5.2802,3.5000,NULL,0701,7,1,0.6667,0.0000,NULL,NULL,-0.3312,0.7753,0.4329,357.1735,3.1358,350.3119,0.0797,0.0321,0.0326,10.2741,382.3941,10.7793,-0.4425,1.2613,0.0268,353.8706,5.0854,357.5973,5.0721,377.0742,4.2054,0.0000,0.0000,0.0000,0.0000,0.0000,0.0000,0.0000,0.0000,0.0000,0.0000,0.0000,0.0000,0.0000,0.0000,0.0000,0.0000,0.0000,0.0000,0.0000,0.0000,0.0000,0.0053,1.0739,6.6086,357.1735,3.1358,350.3119,2.0997,0.6890,0.6886,0403,4,3,-1.2876,1.3487,6.3795,-1.2876,-0.5013,5.8295,NULL,NULL
2020-03-16 10:15:24.1585,10:15:24.1595,2020-03-16,0.9871,91081.24531,90941.4679877118,0020200316101306,False,False,None,0.0000,False,NULL,NULL,NULL,True,None,0.2757,-0.1969,0.9408,0.2685,-0.2064,0.9409,1,1,Playing,153.5000,Normal,28.5330,124.9670,7,9,5.0000,3.2000,3.0000,0.6000,0.4000,rtii,Pointer Shoot,PointerEvent,NULL,NULL,NULL,NULL,NULL,NULL,NULL,NULL,NULL,NULL,NULL,NULL,NULL,NULL,NULL,NULL,NULL,NULL,NULL,NULL,NULL,NULL,NULL,NULL,NULL,NULL,NULL,NULL,NULL,NULL,NULL,NULL,NULL,NULL,NULL,NULL,NULL,NULL,NULL,NULL,NULL,NULL,NULL,NULL,NULL,NULL,NULL,NULL,NULL,NULL,NULL,NULL,NULL,NULL,NULL,NULL,NULL,NULL,NULL,NULL,NULL,NULL,NULL,NULL,NULL,NULL,NULL,NULL,NULL,NULL,NULL,NULL,NULL,NULL,NULL,NULL,NULL
2020-03-16 10:15:24.1615,10:15:24.1615,2020-03-16,0.0000,91081.247298,90941.4679877118,0020200316101306,False,False,None,0.0000,False,NULL,NULL,NULL,True,None,0.2757,-0.1969,0.9408,0.2685,-0.2064,0.9409,1,1,Playing,153.5000,Normal,28.5330,124.9670,7,9,5.0000,3.2000,3.0000,0.6000,0.4000,rtii,Mole Hit,MoleEvent,1.2876,-0.5011,5.8302,1.2876,-2.3511,5.2802,3.5000,0.9958,0701,7,1,0.6667,0.0000,-0.0169,0.0223,-0.2712,0.7064,0.4469,11.3580,16.3338,345.4408,0.0617,0.0963,0.0176,386.3271,15.8835,23.5041,-0.4381,1.2455,0.0403,4.0463,7.9282,358.0984,370.0989,3.2368,1.3214,0.0000,0.0000,0.0000,0.0000,0.0000,0.0000,0.0000,0.0000,0.0000,0.0000,0.0000,0.0000,0.0000,0.0000,0.0000,0.0000,0.0000,0.0000,0.0000,0.0000,0.0000,1.2680,-0.4769,5.8401,11.3580,16.3338,345.4408,1.3155,2.4372,1.0863,0701,7,1,1.2876,-0.5011,5.8302,1.2876,-2.3511,5.2802,NULL,NULL
2020-03-16 10:15:26.6677,10:15:26.6677,2020-03-16,2.5136,91083.755002,90941.4679877118,0020200316101306,False,False,None,0.0000,False,NULL,NULL,NULL,True,None,0.2757,-0.1969,0.9408,0.2685,-0.2064,0.9409,1,1,Playing,153.5000,Normal,31.0420,122.4580,7,9,5.0000,3.2000,3.0000,0.6000,0.4000,rtii,Mole Spawned,MoleEvent,-0.4355,3.3225,6.3229,-0.4355,1.4725,5.7729,3.5000,NULL,0505,5,5,0.4444,0.8000,NULL,NULL,-0.3341,0.8107,0.4255,352.4454,2.8576,348.3736,0.0826,0.1247,0.0332,385.3927,20.4839,14.2542,-0.4467,1.2589,0.0268,355.4505,1.1308,357.7504,368.5577,732.6804,3.9501,0.0000,0.0000,0.0000,0.0000,0.0000,0.0000,0.0000,0.0000,0.0000,0.0000,0.0000,0.0000,0.0000,0.0000,0.0000,0.0000,0.0000,0.0000,0.0000,0.0000,0.0000,-0.0224,1.6373,6.6583,352.4454,2.8576,348.3736,1.8387,2.5804,1.3754,0701,7,1,1.2876,-0.5011,5.8302,1.2876,-2.3511,5.2802,NULL,NULL
2020-03-16 10:15:27.5972,10:15:27.5972,2020-03-16,0.9293,91084.683435,90941.4679877118,0020200316101306,False,False,None,0.0000,False,NULL,NULL,NULL,True,None,-0.0175,0.3699,0.9289,-0.0172,0.3756,0.9266,1,1,Playing,153.5000,Normal,31.9668,121.5332,7,9,5.0000,3.2000,3.0000,0.6000,0.4000,rtii,Pointer Shoot,PointerEvent,NULL,NULL,NULL,NULL,NULL,NULL,NULL,NULL,NULL,NULL,NULL,NULL,NULL,NULL,NULL,NULL,NULL,NULL,NULL,NULL,NULL,NULL,NULL,NULL,NULL,NULL,NULL,NULL,NULL,NULL,NULL,NULL,NULL,NULL,NULL,NULL,NULL,NULL,NULL,NULL,NULL,NULL,NULL,NULL,NULL,NULL,NULL,NULL,NULL,NULL,NULL,NULL,NULL,NULL,NULL,NULL,NULL,NULL,NULL,NULL,NULL,NULL,NULL,NULL,NULL,NULL,NULL,NULL,NULL,NULL,NULL,NULL,NULL,NULL,NULL,NULL,NULL
2020-03-16 10:15:27.5992,10:15:27.5992,2020-03-16,0.0000,91084.685654,90941.4679877118,0020200316101306,False,False,None,0.0000,False,NULL,NULL,NULL,True,None,-0.0175,0.3699,0.9289,-0.0172,0.3756,0.9266,1,1,Playing,153.5000,Normal,31.9668,121.5332,7,9,5.0000,3.2000,3.0000,0.6000,0.4000,rtii,Mole Hit,MoleEvent,-0.4355,3.3225,6.3229,-0.4355,1.4725,5.7729,3.5000,0.9248,0505,5,5,0.4444,0.8000,-0.0232,-0.0573,-0.3487,0.8595,0.4056,338.2914,358.9225,355.9889,0.0186,0.0514,0.0216,15.6598,1083.6610,11.0588,-0.4464,1.2598,0.0252,354.7980,1.1339,357.5155,1.0600,1.0943,0.8736,0.0000,0.0000,0.0000,0.0000,0.0000,0.0000,0.0000,0.0000,0.0000,0.0000,0.0000,0.0000,0.0000,0.0000,0.0000,0.0000,0.0000,0.0000,0.0000,0.0000,0.0000,-0.4585,3.2615,6.3315,338.2914,358.9225,355.9889,0.4393,1.6423,0.5259,0505,5,5,-0.4355,3.3225,6.3229,-0.4355,1.4725,5.7729,NULL,NULL
2020-03-16 10:15:30.1883,10:15:30.1883,2020-03-16,2.5896,91087.274567,90941.4679877118,0020200316101306,False,False,None,0.0000,False,NULL,NULL,NULL,True,None,-0.0175,0.3699,0.9289,-0.0172,0.3756,0.9266,1,1,Playing,153.5000,Normal,34.5577,118.9423,7,9,5.0000,3.2000,3.0000,0.6000,0.4000,rtii,Mole Spawned,MoleEvent,-2.7880,0.3775,5.5688,-2.7880,-1.4725,5.0188,3.5000,NULL,0202,2,2,0.1111,0.2000,NULL,NULL,-0.3355,0.8063,0.4263,351.3982,2.4794,350.7903,0.0313,0.0770,0.0308,20.3908,369.6526,16.0719,-0.4441,1.2591,0.0259,355.2693,2.4989,357.4078,2.3298,3.1070,1.8016,0.0000,0.0000,0.0000,0.0000,0.0000,0.0000,0.0000,0.0000,0.0000,0.0000,0.0000,0.0000,0.0000,0.0000,0.0000,0.0000,0.0000,0.0000,0.0000,0.0000,0.0000,-0.0682,1.7389,6.6583,351.3982,2.4794,350.7903,0.6040,1.9113,0.5233,0505,5,5,-0.4355,3.3225,6.3229,-0.4355,1.4725,5.7729,NULL,NULL
2020-03-16 10:15:31.2608,10:15:31.2608,2020-03-16,1.0738,91088.347537,90941.4679877118,0020200316101306,False,False,None,0.0000,False,NULL,NULL,NULL,True,None,-0.3853,-0.0663,0.9204,-0.3881,-0.0613,0.9196,1,1,Playing,153.5000,Normal,35.6304,117.8696,7,9,5.0000,3.2000,3.0000,0.6000,0.4000,rtii,Pointer Shoot,PointerEvent,NULL,NULL,NULL,NULL,NULL,NULL,NULL,NULL,NULL,NULL,NULL,NULL,NULL,NULL,NULL,NULL,NULL,NULL,NULL,NULL,NULL,NULL,NULL,NULL,NULL,NULL,NULL,NULL,NULL,NULL,NULL,NULL,NULL,NULL,NULL,NULL,NULL,NULL,NULL,NULL,NULL,NULL,NULL,NULL,NULL,NULL,NULL,NULL,NULL,NULL,NULL,NULL,NULL,NULL,NULL,NULL,NULL,NULL,NULL,NULL,NULL,NULL,NULL,NULL,NULL,NULL,NULL,NULL,NULL,NULL,NULL,NULL,NULL,NULL,NULL,NULL,NULL
2020-03-16 10:15:31.2637,10:15:31.2637,2020-03-16,0.0000,91088.350317,90941.4679877118,0020200316101306,False,False,None,0.0000,False,NULL,NULL,NULL,True,None,-0.3853,-0.0663,0.9204,-0.3881,-0.0613,0.9196,1,1,Playing,153.5000,Normal,35.6304,117.8696,7,9,5.0000,3.2000,3.0000,0.6000,0.4000,rtii,Mole Hit,MoleEvent,-2.7880,0.3775,5.5688,-2.7880,-1.4725,5.0188,3.5000,1.0727,0202,2,2,0.1111,0.2000,0.1372,0.0242,-0.4173,0.7546,0.3897,3.7999,337.2839,358.2810,0.0911,0.0617,0.0433,375.3146,386.3982,20.0240,-0.4729,1.2469,0.0308,3.4337,344.4296,358.7924,367.6883,376.8275,2.3009,0.0000,0.0000,0.0000,0.0000,0.0000,0.0000,0.0000,0.0000,0.0000,0.0000,0.0000,0.0000,0.0000,0.0000,0.0000,0.0000,0.0000,0.0000,0.0000,0.0000,0.0000,-2.6476,0.4024,5.6743,3.7999,337.2839,358.2810,2.8614,1.4859,1.4021,0202,2,2,-2.7880,0.3775,5.5688,-2.7880,-1.4725,5.0188,NULL,NULL
2020-03-16 10:15:33.6905,10:15:33.6905,2020-03-16,2.4241,91090.777705,90941.4679877118,0020200316101306,False,False,None,0.0000,False,NULL,NULL,NULL,True,None,-0.3853,-0.0663,0.9204,-0.3881,-0.0613,0.9196,1,1,Playing,153.5000,Normal,38.0644,115.4356,7,9,5.0000,3.2000,3.0000,0.6000,0.4000,rtii,Mole Spawned,MoleEvent,-2.0833,2.3513,6.1244,-2.0833,0.5013,5.5744,3.5000,NULL,0304,3,4,0.2222,0.6000,NULL,NULL,-0.3284,0.8108,0.4298,351.2096,2.0250,353.6075,0.1324,0.0816,0.0520,379.2543,391.6114,19.0637,-0.4349,1.2647,0.0231,351.3263,7.0368,356.9319,372.3226,385.3913,5.8052,0.0000,0.0000,0.0000,0.0000,0.0000,0.0000,0.0000,0.0000,0.0000,0.0000,0.0000,0.0000,0.0000,0.0000,0.0000,0.0000,0.0000,0.0000,0.0000,0.0000,0.0000,-0.1004,1.7749,6.6583,351.2096,2.0250,353.6075,3.6150,1.9359,1.4041,0202,2,2,-2.7880,0.3775,5.5688,-2.7880,-1.4725,5.0188,NULL,NULL
2020-03-16 10:15:34.5666,10:15:34.5666,2020-03-16,0.8827,91091.652718,90941.4679877118,0020200316101306,False,False,None,0.0000,False,NULL,NULL,NULL,True,None,-0.2895,0.2724,0.9176,-0.3057,0.2613,0.9155,1,1,Playing,153.5000,Normal,38.9393,114.5608,7,9,5.0000,3.2000,3.0000,0.6000,0.4000,rtii,Pointer Shoot,PointerEvent,NULL,NULL,NULL,NULL,NULL,NULL,NULL,NULL,NULL,NULL,NULL,NULL,NULL,NULL,NULL,NULL,NULL,NULL,NULL,NULL,NULL,NULL,NULL,NULL,NULL,NULL,NULL,NULL,NULL,NULL,NULL,NULL,NULL,NULL,NULL,NULL,NULL,NULL,NULL,NULL,NULL,NULL,NULL,NULL,NULL,NULL,NULL,NULL,NULL,NULL,NULL,NULL,NULL,NULL,NULL,NULL,NULL,NULL,NULL,NULL,NULL,NULL,NULL,NULL,NULL,NULL,NULL,NULL,NULL,NULL,NULL,NULL,NULL,NULL,NULL,NULL,NULL
2020-03-16 10:15:34.5686,10:15:34.5686,2020-03-16,0.0000,91091.654668,90941.4679877118,0020200316101306,False,False,None,0.0000,False,NULL,NULL,NULL,True,None,-0.2895,0.2724,0.9176,-0.3057,0.2613,0.9155,1,1,Playing,153.5000,Normal,38.9393,114.5608,7,9,5.0000,3.2000,3.0000,0.6000,0.4000,rtii,Mole Hit,MoleEvent,-2.0833,2.3513,6.1244,-2.0833,0.5013,5.5744,3.5000,0.8749,0304,3,4,0.2222,0.6000,-0.1861,0.0881,-0.3908,0.8343,0.3957,344.1926,342.4904,5.4556,0.0670,0.0256,0.0353,7.8409,378.7336,371.9860,-0.4569,1.2634,0.0232,352.4226,352.4035,357.6694,2.1038,371.8033,1.7018,0.0000,0.0000,0.0000,0.0000,0.0000,0.0000,0.0000,0.0000,0.0000,0.0000,0.0000,0.0000,0.0000,0.0000,0.0000,0.0000,0.0000,0.0000,0.0000,0.0000,0.0000,-2.2661,2.4367,6.0109,344.1926,342.4904,5.4556,2.2041,0.6533,0.8238,0304,3,4,-2.0833,2.3513,6.1244,-2.0833,0.5013,5.5744,NULL,NULL
2020-03-16 10:15:37.2016,10:15:37.2016,2020-03-16,2.6335,91094.288044,90941.4679877118,0020200316101306,False,False,None,0.0000,False,NULL,NULL,NULL,True,None,-0.2895,0.2724,0.9176,-0.3057,0.2613,0.9155,1,1,Playing,153.5000,Normal,41.5736,111.9264,7,9,5.0000,3.2000,3.0000,0.6000,0.4000,rtii,Mole Spawned,MoleEvent,1.2876,-0.5011,5.8302,1.2876,-2.3511,5.2802,3.5000,NULL,0701,7,1,0.6667,0.0000,NULL,NULL,-0.3208,0.8091,0.4331,352.2496,3.2248,352.9581,0.0899,0.0391,0.0457,12.2880,388.4611,377.5110,-0.4348,1.2646,0.0231,351.3522,6.9771,356.3371,2.8179,374.7866,3.2054,0.0000,0.0000,0.0000,0.0000,0.0000,0.0000,0.0000,0.0000,0.0000,0.0000,0.0000,0.0000,0.0000,0.0000,0.0000,0.0000,0.0000,0.0000,0.0000,0.0000,0.0000,0.0187,1.6632,6.6583,352.2496,3.2248,352.9581,2.6321,1.1114,0.8187,0304,3,4,-2.0833,2.3513,6.1244,-2.0833,0.5013,5.5744,NULL,NULL
2020-03-16 10:15:38.4262,10:15:38.4272,2020-03-16,1.2205,91095.513014,90941.4679877118,0020200316101306,False,False,None,0.0000,False,NULL,NULL,NULL,True,None,0.2681,-0.2279,0.9360,0.2677,-0.2298,0.9357,1,1,Playing,153.5000,Normal,42.7987,110.7013,7,9,5.0000,3.2000,3.0000,0.6000,0.4000,rtii,Pointer Shoot,PointerEvent,NULL,NULL,NULL,NULL,NULL,NULL,NULL,NULL,NULL,NULL,NULL,NULL,NULL,NULL,NULL,NULL,NULL,NULL,NULL,NULL,NULL,NULL,NULL,NULL,NULL,NULL,NULL,NULL,NULL,NULL,NULL,NULL,NULL,NULL,NULL,NULL,NULL,NULL,NULL,NULL,NULL,NULL,NULL,NULL,NULL,NULL,NULL,NULL,NULL,NULL,NULL,NULL,NULL,NULL,NULL,NULL,NULL,NULL,NULL,NULL,NULL,NULL,NULL,NULL,NULL,NULL,NULL,NULL,NULL,NULL,NULL,NULL,NULL,NULL,NULL,NULL,NULL
2020-03-16 10:15:38.4292,10:15:38.4292,2020-03-16,0.0000,91095.514943,90941.4679877118,0020200316101306,False,False,None,0.0000,False,NULL,NULL,NULL,True,None,0.2681,-0.2279,0.9360,0.2677,-0.2298,0.9357,1,1,Playing,153.5000,Normal,42.7987,110.7013,7,9,5.0000,3.2000,3.0000,0.6000,0.4000,rtii,Mole Hit,MoleEvent,1.2876,-0.5011,5.8302,1.2876,-2.3511,5.2802,3.5000,1.2251,0701,7,1,0.6667,0.0000,-0.0286,-0.0931,-0.2653,0.7137,0.4515,13.1745,15.9817,347.4428,0.0606,0.1015,0.0234,382.5717,18.3841,17.2350,-0.4353,1.2502,0.0382,1.0300,7.1577,357.7037,369.3265,1.5148,1.6835,0.0000,0.0000,0.0000,0.0000,0.0000,0.0000,0.0000,0.0000,0.0000,0.0000,0.0000,0.0000,0.0000,0.0000,0.0000,0.0000,0.0000,0.0000,0.0000,0.0000,0.0000,1.2561,-0.5920,5.7686,13.1745,15.9817,347.4428,1.2744,2.3947,1.2710,0701,7,1,1.2876,-0.5011,5.8302,1.2876,-2.3511,5.2802,NULL,NULL
2020-03-16 10:15:40.7219,10:15:40.7219,2020-03-16,2.2988,91097.807869,90941.4679877118,0020200316101306,False,False,None,0.0000,False,NULL,NULL,NULL,True,None,0.2681,-0.2279,0.9360,0.2677,-0.2298,0.9357,1,1,Playing,153.5000,Normal,45.0904,108.4096,7,9,5.0000,3.2000,3.0000,0.6000,0.4000,rtii,Mole Spawned,MoleEvent,2.0833,3.3225,5.9374,2.0833,1.4725,5.3874,3.5000,NULL,0805,8,5,0.7778,0.8000,NULL,NULL,-0.3238,0.8164,0.4313,351.6984,2.3813,352.1314,0.0772,0.1159,0.0301,384.8326,22.2328,21.0107,-0.4400,1.2649,0.0206,351.0268,4.9976,357.2869,370.9488,733.6959,2.9122,0.0000,0.0000,0.0000,0.0000,0.0000,0.0000,0.0000,0.0000,0.0000,0.0000,0.0000,0.0000,0.0000,0.0000,0.0000,0.0000,0.0000,0.0000,0.0000,0.0000,0.0000,-0.0618,1.7229,6.6583,351.6984,2.3813,352.1314,1.7894,2.7114,1.3193,0701,7,1,1.2876,-0.5011,5.8302,1.2876,-2.3511,5.2802,NULL,NULL
2020-03-16 10:15:41.7142,10:15:41.7142,2020-03-16,0.9945,91098.800063,90941.4679877118,0020200316101306,False,False,None,0.0000,False,NULL,NULL,NULL,True,None,0.3793,0.3639,0.8507,0.3787,0.3656,0.8502,1,1,Playing,153.5000,Normal,46.0856,107.4144,7,9,5.0000,3.2000,3.0000,0.6000,0.4000,rtii,Pointer Shoot,PointerEvent,NULL,NULL,NULL,NULL,NULL,NULL,NULL,NULL,NULL,NULL,NULL,NULL,NULL,NULL,NULL,NULL,NULL,NULL,NULL,NULL,NULL,NULL,NULL,NULL,NULL,NULL,NULL,NULL,NULL,NULL,NULL,NULL,NULL,NULL,NULL,NULL,NULL,NULL,NULL,NULL,NULL,NULL,NULL,NULL,NULL,NULL,NULL,NULL,NULL,NULL,NULL,NULL,NULL,NULL,NULL,NULL,NULL,NULL,NULL,NULL,NULL,NULL,NULL,NULL,NULL,NULL,NULL,NULL,NULL,NULL,NULL,NULL,NULL,NULL,NULL,NULL,NULL
2020-03-16 10:15:41.7162,10:15:41.7162,2020-03-16,0.0000,91098.801996,90941.4679877118,0020200316101306,False,False,None,0.0000,False,NULL,NULL,NULL,True,None,0.3793,0.3639,0.8507,0.3787,0.3656,0.8502,1,1,Playing,153.5000,Normal,46.0856,107.4144,7,9,5.0000,3.2000,3.0000,0.6000,0.4000,rtii,Mole Hit,MoleEvent,2.0833,3.3225,5.9374,2.0833,1.4725,5.3874,3.5000,0.9952,0805,8,5,0.7778,0.8000,0.1249,-0.0889,-0.2329,0.8772,0.4295,338.6572,24.0326,348.3979,0.0918,0.0631,0.0180,17.2881,24.4687,13.8478,-0.4348,1.2652,0.0215,350.7484,8.5706,356.9018,1.8787,3.9187,1.0250,0.0000,0.0000,0.0000,0.0000,0.0000,0.0000,0.0000,0.0000,0.0000,0.0000,0.0000,0.0000,0.0000,0.0000,0.0000,0.0000,0.0000,0.0000,0.0000,0.0000,0.0000,2.2043,3.2300,5.9009,338.6572,24.0326,348.3979,2.3001,1.6711,1.1485,0805,8,5,2.0833,3.3225,5.9374,2.0833,1.4725,5.3874,NULL,NULL
2020-03-16 10:15:44.2196,10:15:44.2196,2020-03-16,2.5000,91101.306779,90941.4679877118,0020200316101306,False,False,None,0.0000,False,NULL,NULL,NULL,True,None,0.3793,0.3639,0.8507,0.3787,0.3656,0.8502,1,1,Playing,153.5000,Normal,48.5927,104.9073,7,9,5.0000,3.2000,3.0000,0.6000,0.4000,rtii,Mole Spawned,MoleEvent,-2.0833,3.3225,5.9374,-2.0833,1.4725,5.3874,3.5000,NULL,0305,3,5,0.2222,0.8000,NULL,NULL,-0.3167,0.8162,0.4346,351.7123,2.8186,353.6173,0.1031,0.0810,0.0199,20.4935,33.1567,20.4670,-0.4445,1.2622,0.0251,353.0935,0.6508,357.1695,4.0842,1450.8840,2.2922,0.0000,0.0000,0.0000,0.0000,0.0000,0.0000,0.0000,0.0000,0.0000,0.0000,0.0000,0.0000,0.0000,0.0000,0.0000,0.0000,0.0000,0.0000,0.0000,0.0000,0.0000,-0.0142,1.7191,6.6583,351.7123,2.8186,353.6173,2.6119,1.8629,1.0520,0805,8,5,2.0833,3.3225,5.9374,2.0833,1.4725,5.3874,NULL,NULL
2020-03-16 10:15:45.2406,10:15:45.2406,2020-03-16,1.0264,91102.326723,90941.4679877118,0020200316101306,False,False,None,0.0000,False,NULL,NULL,NULL,True,None,-0.2740,0.3891,0.8795,-0.2833,0.3910,0.8757,1,1,Playing,153.5000,Normal,49.6141,103.8859,7,9,5.0000,3.2000,3.0000,0.6000,0.4000,rtii,Pointer Shoot,PointerEvent,NULL,NULL,NULL,NULL,NULL,NULL,NULL,NULL,NULL,NULL,NULL,NULL,NULL,NULL,NULL,NULL,NULL,NULL,NULL,NULL,NULL,NULL,NULL,NULL,NULL,NULL,NULL,NULL,NULL,NULL,NULL,NULL,NULL,NULL,NULL,NULL,NULL,NULL,NULL,NULL,NULL,NULL,NULL,NULL,NULL,NULL,NULL,NULL,NULL,NULL,NULL,NULL,NULL,NULL,NULL,NULL,NULL,NULL,NULL,NULL,NULL,NULL,NULL,NULL,NULL,NULL,NULL,NULL,NULL,NULL,NULL,NULL,NULL,NULL,NULL,NULL,NULL
2020-03-16 10:15:45.2426,10:15:45.2426,2020-03-16,0.0000,91102.32852,90941.4679877118,0020200316101306,False,False,None,0.0000,False,NULL,NULL,NULL,True,None,-0.2740,0.3891,0.8795,-0.2833,0.3910,0.8757,1,1,Playing,153.5000,Normal,49.6141,103.8859,7,9,5.0000,3.2000,3.0000,0.6000,0.4000,rtii,Mole Hit,MoleEvent,-2.0833,3.3225,5.9374,-2.0833,1.4725,5.3874,3.5000,1.0213,0305,3,5,0.2222,0.8000,-0.0764,-0.0047,-0.3780,0.8592,0.3944,337.0988,342.6985,11.5051,0.0751,0.0542,0.0519,18.4971,382.6838,380.8259,-0.4559,1.2622,0.0244,353.0867,354.2381,358.0568,1.4376,366.6385,1.3930,0.0000,0.0000,0.0000,0.0000,0.0000,0.0000,0.0000,0.0000,0.0000,0.0000,0.0000,0.0000,0.0000,0.0000,0.0000,0.0000,0.0000,0.0000,0.0000,0.0000,0.0000,-2.1568,3.3139,5.8922,337.0988,342.6985,11.5051,2.5523,1.9383,1.4396,0305,3,5,-2.0833,3.3225,5.9374,-2.0833,1.4725,5.3874,NULL,NULL
2020-03-16 10:15:47.7226,10:15:47.7226,2020-03-16,2.4793,91104.808779,90941.4679877118,0020200316101306,False,False,None,0.0000,False,NULL,NULL,NULL,True,None,-0.2740,0.3891,0.8795,-0.2833,0.3910,0.8757,1,1,Playing,153.5000,Normal,52.0940,101.4060,7,9,5.0000,3.2000,3.0000,0.6000,0.4000,rtii,Mole Spawned,MoleEvent,0.4355,3.3225,6.3229,0.4355,1.4725,5.7729,3.5000,NULL,0605,6,5,0.5556,0.8000,NULL,NULL,-0.3144,0.8140,0.4365,350.7550,2.7327,355.4288,0.0893,0.0734,0.0518,19.7761,386.6646,382.1532,-0.4394,1.2625,0.0246,352.8591,4.1242,356.7498,2.6163,370.4096,2.6181,0.0000,0.0000,0.0000,0.0000,0.0000,0.0000,0.0000,0.0000,0.0000,0.0000,0.0000,0.0000,0.0000,0.0000,0.0000,0.0000,0.0000,0.0000,0.0000,0.0000,0.0000,-0.0104,1.8210,6.6584,350.7550,2.7327,355.4288,2.6004,1.9023,0.9841,0305,3,5,-2.0833,3.3225,5.9374,-2.0833,1.4725,5.3874,NULL,NULL
2020-03-16 10:15:48.5372,10:15:48.5372,2020-03-16,0.8163,91105.623868,90941.4679877118,0020200316101306,False,False,None,0.0000,False,NULL,NULL,NULL,True,None,0.1136,0.3781,0.9188,0.1102,0.3994,0.9100,1,1,Playing,153.5000,Normal,52.9102,100.5898,7,9,5.0000,3.2000,3.0000,0.6000,0.4000,rtii,Pointer Shoot,PointerEvent,NULL,NULL,NULL,NULL,NULL,NULL,NULL,NULL,NULL,NULL,NULL,NULL,NULL,NULL,NULL,NULL,NULL,NULL,NULL,NULL,NULL,NULL,NULL,NULL,NULL,NULL,NULL,NULL,NULL,NULL,NULL,NULL,NULL,NULL,NULL,NULL,NULL,NULL,NULL,NULL,NULL,NULL,NULL,NULL,NULL,NULL,NULL,NULL,NULL,NULL,NULL,NULL,NULL,NULL,NULL,NULL,NULL,NULL,NULL,NULL,NULL,NULL,NULL,NULL,NULL,NULL,NULL,NULL,NULL,NULL,NULL,NULL,NULL,NULL,NULL,NULL,NULL
2020-03-16 10:15:48.5392,10:15:48.5392,2020-03-16,0.0000,91105.625986,90941.4679877118,0020200316101306,False,False,None,0.0000,False,NULL,NULL,NULL,True,None,0.1136,0.3781,0.9188,0.1102,0.3994,0.9100,1,1,Playing,153.5000,Normal,52.9102,100.5898,7,9,5.0000,3.2000,3.0000,0.6000,0.4000,rtii,Mole Hit,MoleEvent,0.4355,3.3225,6.3229,0.4355,1.4725,5.7729,3.5000,0.8163,0605,6,5,0.5556,0.8000,-0.0292,0.1161,-0.3038,0.8651,0.4218,337.7831,7.0498,356.6947,0.0264,0.0627,0.0184,17.5577,12.3087,10.2501,-0.4388,1.2628,0.0241,352.5695,4.2653,356.5624,0.9854,0.8991,0.7314,0.0000,0.0000,0.0000,0.0000,0.0000,0.0000,0.0000,0.0000,0.0000,0.0000,0.0000,0.0000,0.0000,0.0000,0.0000,0.0000,0.0000,0.0000,0.0000,0.0000,0.0000,0.4052,3.4348,6.2758,337.7831,7.0498,356.6947,0.7848,1.8197,0.6589,0605,6,5,0.4355,3.3225,6.3229,0.4355,1.4725,5.7729,NULL,NULL
2020-03-16 10:15:51.2434,10:15:51.2434,2020-03-16,2.7061,91108.329699,90941.4679877118,0020200316101306,False,False,None,0.0000,False,NULL,NULL,NULL,True,None,0.1136,0.3781,0.9188,0.1102,0.3994,0.9100,1,1,Playing,153.5000,Normal,55.6134,97.8866,7,9,5.0000,3.2000,3.0000,0.6000,0.4000,rtii,Mole Spawned,MoleEvent,2.7880,3.3225,5.5688,2.7880,1.4725,5.0188,3.5000,NULL,0905,9,5,0.8889,0.8000,NULL,NULL,-0.3198,0.8163,0.4334,350.3085,2.6441,355.1706,0.0452,0.0735,0.0208,18.7575,15.2794,13.8561,-0.4442,1.2596,0.0280,354.7816,2.0634,357.5889,4.4691,728.3555,2.2870,0.0000,0.0000,0.0000,0.0000,0.0000,0.0000,0.0000,0.0000,0.0000,0.0000,0.0000,0.0000,0.0000,0.0000,0.0000,0.0000,0.0000,0.0000,0.0000,0.0000,0.0000,-0.0353,1.8783,6.6584,350.3085,2.6441,355.1706,1.0139,1.8827,0.4022,0605,6,5,0.4355,3.3225,6.3229,0.4355,1.4725,5.7729,NULL,NULL
2020-03-16 10:15:52.3802,10:15:52.3802,2020-03-16,1.1378,91109.466017,90941.4679877118,0020200316101306,False,False,None,0.0000,False,NULL,NULL,NULL,True,None,0.4575,0.3687,0.8092,0.4629,0.3674,0.8067,1,1,Playing,153.5000,Normal,56.7511,96.7489,7,9,5.0000,3.2000,3.0000,0.6000,0.4000,rtii,Pointer Shoot,PointerEvent,NULL,NULL,NULL,NULL,NULL,NULL,NULL,NULL,NULL,NULL,NULL,NULL,NULL,NULL,NULL,NULL,NULL,NULL,NULL,NULL,NULL,NULL,NULL,NULL,NULL,NULL,NULL,NULL,NULL,NULL,NULL,NULL,NULL,NULL,NULL,NULL,NULL,NULL,NULL,NULL,NULL,NULL,NULL,NULL,NULL,NULL,NULL,NULL,NULL,NULL,NULL,NULL,NULL,NULL,NULL,NULL,NULL,NULL,NULL,NULL,NULL,NULL,NULL,NULL,NULL,NULL,NULL,NULL,NULL,NULL,NULL,NULL,NULL,NULL,NULL,NULL,NULL
2020-03-16 10:15:52.3812,10:15:52.3812,2020-03-16,0.0000,91109.467702,90941.4679877118,0020200316101306,False,False,None,0.0000,False,NULL,NULL,NULL,True,None,0.4575,0.3687,0.8092,0.4629,0.3674,0.8067,1,1,Playing,153.5000,Normal,56.7511,96.7489,7,9,5.0000,3.2000,3.0000,0.6000,0.4000,rtii,Mole Hit,MoleEvent,2.7880,3.3225,5.5688,2.7880,1.4725,5.0188,3.5000,1.1377,0905,9,5,0.8889,0.8000,-0.0139,-0.0755,-0.1999,0.8861,0.4285,338.3626,29.4823,347.2758,0.1216,0.0767,0.0120,15.1848,29.7295,13.3223,-0.4305,1.2628,0.0243,352.4395,10.4523,356.2844,2.7982,9.2969,1.4826,0.0000,0.0000,0.0000,0.0000,0.0000,0.0000,0.0000,0.0000,0.0000,0.0000,0.0000,0.0000,0.0000,0.0000,0.0000,0.0000,0.0000,0.0000,0.0000,0.0000,0.0000,2.7698,3.2433,5.6042,338.3626,29.4823,347.2758,2.8733,1.5997,1.5916,0905,9,5,2.7880,3.3225,5.5688,2.7880,1.4725,5.0188,NULL,NULL
2020-03-16 10:15:58.2439,10:15:58.2439,2020-03-16,5.8633,91115.330185,90941.4679877118,0020200316101306,False,False,None,0.0000,False,NULL,NULL,NULL,True,None,0.4575,0.3687,0.8092,0.4629,0.3674,0.8067,1,1,Playing,153.5000,Normal,62.6159,90.8841,7,9,5.0000,3.2000,3.0000,0.6000,0.4000,rtii,Mole Spawned,MoleEvent,-3.3709,2.3513,5.2897,-3.3709,0.5013,4.7397,3.5000,NULL,0104,1,4,0.0000,0.6000,NULL,NULL,-0.3251,0.8181,0.4306,350.4932,1.8210,354.6663,0.1587,0.0967,0.0361,20.6222,39.2669,24.4858,-0.4419,1.2607,0.0256,354.0406,2.7012,356.7950,6.4550,11.5529,4.6217,0.0000,0.0000,0.0000,0.0000,0.0000,0.0000,0.0000,0.0000,0.0000,0.0000,0.0000,0.0000,0.0000,0.0000,0.0000,0.0000,0.0000,0.0000,0.0000,0.0000,0.0000,-0.1301,1.8634,6.6584,350.4932,1.8210,354.6663,3.3527,1.8748,1.3955,0905,9,5,2.7880,3.3225,5.5688,2.7880,1.4725,5.0188,NULL,NULL
2020-03-16 10:15:59.5419,10:15:59.5419,2020-03-16,1.2984,91116.627834,90941.4679877118,0020200316101306,False,False,None,0.0000,False,NULL,NULL,NULL,True,None,-0.4994,0.2469,0.8304,-0.5078,0.2374,0.8281,1,1,Playing,153.5000,Normal,63.9181,89.5819,7,9,5.0000,3.2000,3.0000,0.6000,0.4000,rtii,Pointer Shoot,PointerEvent,NULL,NULL,NULL,NULL,NULL,NULL,NULL,NULL,NULL,NULL,NULL,NULL,NULL,NULL,NULL,NULL,NULL,NULL,NULL,NULL,NULL,NULL,NULL,NULL,NULL,NULL,NULL,NULL,NULL,NULL,NULL,NULL,NULL,NULL,NULL,NULL,NULL,NULL,NULL,NULL,NULL,NULL,NULL,NULL,NULL,NULL,NULL,NULL,NULL,NULL,NULL,NULL,NULL,NULL,NULL,NULL,NULL,NULL,NULL,NULL,NULL,NULL,NULL,NULL,NULL,NULL,NULL,NULL,NULL,NULL,NULL,NULL,NULL,NULL,NULL,NULL,NULL
2020-03-16 10:15:59.5439,10:15:59.5439,2020-03-16,0.0000,91116.629957,90941.4679877118,0020200316101306,False,False,None,0.0000,False,NULL,NULL,NULL,True,None,-0.4994,0.2469,0.8304,-0.5078,0.2374,0.8281,1,1,Playing,153.5000,Normal,63.9181,89.5819,7,9,5.0000,3.2000,3.0000,0.6000,0.4000,rtii,Mole Hit,MoleEvent,-3.3709,2.3513,5.2897,-3.3709,0.5013,4.7397,3.5000,1.3022,0104,1,4,0.0000,0.6000,-0.0540,-0.1242,-0.4301,0.8272,0.3681,345.7054,328.9777,19.0837,0.1124,0.0353,0.0702,14.4654,394.3167,378.6357,-0.4820,1.2585,0.0188,355.5249,337.1884,358.6242,3.3424,384.6245,3.4030,0.0000,0.0000,0.0000,0.0000,0.0000,0.0000,0.0000,0.0000,0.0000,0.0000,0.0000,0.0000,0.0000,0.0000,0.0000,0.0000,0.0000,0.0000,0.0000,0.0000,0.0000,-3.4196,2.2246,5.2426,345.7054,328.9777,19.0837,3.4651,1.2668,1.9579,0104,1,4,-3.3709,2.3513,5.2897,-3.3709,0.5013,4.7397,NULL,NULL
2020-03-16 10:16:01.7689,10:16:01.7689,2020-03-16,2.2204,91118.855174,90941.4679877118,0020200316101306,False,False,None,0.0000,False,NULL,NULL,NULL,True,None,-0.4994,0.2469,0.8304,-0.5078,0.2374,0.8281,1,1,Playing,153.5000,Normal,66.1338,87.3662,7,9,5.0000,3.2000,3.0000,0.6000,0.4000,rtii,Mole Spawned,MoleEvent,-2.0833,1.3487,6.1244,-2.0833,-0.5013,5.5744,3.5000,NULL,0303,3,3,0.2222,0.4000,NULL,NULL,-0.3149,0.8085,0.4374,352.3235,2.4741,355.4148,0.1474,0.0366,0.0858,12.4105,405.4017,388.7126,-0.4410,1.2616,0.0246,353.2291,4.4380,357.1910,3.2890,387.6757,4.6086,0.0000,0.0000,0.0000,0.0000,0.0000,0.0000,0.0000,0.0000,0.0000,0.0000,0.0000,0.0000,0.0000,0.0000,0.0000,0.0000,0.0000,0.0000,0.0000,0.0000,0.0000,-0.0516,1.6571,6.6583,352.3235,2.4741,355.4148,4.2405,1.0199,1.6805,0104,1,4,-3.3709,2.3513,5.2897,-3.3709,0.5013,4.7397,NULL,NULL
2020-03-16 10:16:02.7246,10:16:02.7246,2020-03-16,0.9621,91119.811154,90941.4679877118,0020200316101306,False,False,None,0.0000,False,NULL,NULL,NULL,True,None,-0.2910,0.1009,0.9514,-0.2862,0.1007,0.9528,1,1,Playing,153.5000,Normal,67.0952,86.4048,7,9,5.0000,3.2000,3.0000,0.6000,0.4000,rtii,Pointer Shoot,PointerEvent,NULL,NULL,NULL,NULL,NULL,NULL,NULL,NULL,NULL,NULL,NULL,NULL,NULL,NULL,NULL,NULL,NULL,NULL,NULL,NULL,NULL,NULL,NULL,NULL,NULL,NULL,NULL,NULL,NULL,NULL,NULL,NULL,NULL,NULL,NULL,NULL,NULL,NULL,NULL,NULL,NULL,NULL,NULL,NULL,NULL,NULL,NULL,NULL,NULL,NULL,NULL,NULL,NULL,NULL,NULL,NULL,NULL,NULL,NULL,NULL,NULL,NULL,NULL,NULL,NULL,NULL,NULL,NULL,NULL,NULL,NULL,NULL,NULL,NULL,NULL,NULL,NULL
2020-03-16 10:16:02.7266,10:16:02.7266,2020-03-16,0.0000,91119.813546,90941.4679877118,0020200316101306,False,False,None,0.0000,False,NULL,NULL,NULL,True,None,-0.2910,0.1009,0.9514,-0.2862,0.1007,0.9528,1,1,Playing,153.5000,Normal,67.0952,86.4048,7,9,5.0000,3.2000,3.0000,0.6000,0.4000,rtii,Mole Hit,MoleEvent,-2.0833,1.3487,6.1244,-2.0833,-0.5013,5.5744,3.5000,0.9613,0303,3,3,0.2222,0.4000,-0.0196,0.0508,-0.3869,0.7958,0.4085,354.2101,342.9904,1.2970,0.0799,0.0302,0.0304,7.1194,380.6137,1806.1050,-0.4558,1.2583,0.0270,355.5953,355.5273,358.5974,2.9783,369.6914,1.7414,0.0000,0.0000,0.0000,0.0000,0.0000,0.0000,0.0000,0.0000,0.0000,0.0000,0.0000,0.0000,0.0000,0.0000,0.0000,0.0000,0.0000,0.0000,0.0000,0.0000,0.0000,-2.1000,1.3985,6.1115,354.2101,342.9904,1.2970,2.1331,0.7116,1.0150,0303,3,3,-2.0833,1.3487,6.1244,-2.0833,-0.5013,5.5744,NULL,NULL
2020-03-16 10:16:05.2650,10:16:05.2650,2020-03-16,2.5397,91122.351104,90941.4679877118,0020200316101306,False,False,None,0.0000,False,NULL,NULL,NULL,True,None,-0.2910,0.1009,0.9514,-0.2862,0.1007,0.9528,1,1,Playing,153.5000,Normal,69.6422,83.8578,7,9,5.0000,3.2000,3.0000,0.6000,0.4000,rtii,Mole Spawned,MoleEvent,-2.7880,4.2011,5.2065,-2.7880,2.3511,4.6565,3.5000,NULL,0206,2,6,0.1111,1.0000,NULL,NULL,-0.3186,0.8177,0.4341,350.9959,2.5135,354.1665,0.1041,0.0410,0.0387,11.6917,391.3669,375.4891,-0.4429,1.2602,0.0264,354.1637,2.5073,357.2910,3.2541,367.4280,2.7037,0.0000,0.0000,0.0000,0.0000,0.0000,0.0000,0.0000,0.0000,0.0000,0.0000,0.0000,0.0000,0.0000,0.0000,0.0000,0.0000,0.0000,0.0000,0.0000,0.0000,0.0000,-0.0418,1.8038,6.6584,350.9959,2.5135,354.1665,2.8633,0.8040,0.5891,0303,3,3,-2.0833,1.3487,6.1244,-2.0833,-0.5013,5.5744,NULL,NULL
2020-03-16 10:16:06.5323,10:16:06.5323,2020-03-16,1.2682,91123.619475,90941.4679877118,0020200316101306,False,False,None,0.0000,False,NULL,NULL,NULL,True,None,-0.3648,0.5170,0.7744,-0.3790,0.5163,0.7679,1,1,Playing,153.5000,Normal,70.9081,82.5919,7,9,5.0000,3.2000,3.0000,0.6000,0.4000,rtii,Pointer Shoot,PointerEvent,NULL,NULL,NULL,NULL,NULL,NULL,NULL,NULL,NULL,NULL,NULL,NULL,NULL,NULL,NULL,NULL,NULL,NULL,NULL,NULL,NULL,NULL,NULL,NULL,NULL,NULL,NULL,NULL,NULL,NULL,NULL,NULL,NULL,NULL,NULL,NULL,NULL,NULL,NULL,NULL,NULL,NULL,NULL,NULL,NULL,NULL,NULL,NULL,NULL,NULL,NULL,NULL,NULL,NULL,NULL,NULL,NULL,NULL,NULL,NULL,NULL,NULL,NULL,NULL,NULL,NULL,NULL,NULL,NULL,NULL,NULL,NULL,NULL,NULL,NULL,NULL,NULL
2020-03-16 10:16:06.5353,10:16:06.5353,2020-03-16,0.0000,91123.622102,90941.4679877118,0020200316101306,False,False,None,0.0000,False,NULL,NULL,NULL,True,None,-0.3648,0.5170,0.7744,-0.3790,0.5163,0.7679,1,1,Playing,153.5000,Normal,70.9081,82.5919,7,9,5.0000,3.2000,3.0000,0.6000,0.4000,rtii,Mole Hit,MoleEvent,-2.7880,4.2011,5.2065,-2.7880,2.3511,4.6565,3.5000,1.2659,0206,2,6,0.1111,1.0000,-0.0113,-0.0407,-0.3990,0.8907,0.3658,328.8699,334.7744,14.0004,0.0894,0.0814,0.0719,26.7102,389.5462,387.2793,-0.4586,1.2701,0.0157,347.3572,347.6122,354.6912,7.1022,376.0551,4.1367,0.0000,0.0000,0.0000,0.0000,0.0000,0.0000,0.0000,0.0000,0.0000,0.0000,0.0000,0.0000,0.0000,0.0000,0.0000,0.0000,0.0000,0.0000,0.0000,0.0000,0.0000,-2.7958,4.1553,5.2220,328.8699,334.7744,14.0004,2.8315,2.4717,1.8224,0206,2,6,-2.7880,4.2011,5.2065,-2.7880,2.3511,4.6565,NULL,NULL
2020-03-16 10:16:08.7910,10:16:08.7910,2020-03-16,2.2559,91125.876928,90941.4679877118,0020200316101306,False,False,None,0.0000,False,NULL,NULL,NULL,True,None,-0.3648,0.5170,0.7744,-0.3790,0.5163,0.7679,1,1,Playing,153.5000,Normal,73.1590,80.3410,7,9,5.0000,3.2000,3.0000,0.6000,0.4000,rtii,Mole Spawned,MoleEvent,3.3709,0.3775,5.1027,3.3709,-1.4725,4.5527,3.5000,NULL,1002,10,2,1.0000,0.2000,NULL,NULL,-0.3199,0.8142,0.4348,350.8743,1.9868,355.0709,0.1294,0.0956,0.0844,26.6114,402.2497,388.8627,-0.4395,1.2612,0.0255,353.4810,3.3820,355.7507,7.7841,376.0905,2.9665,0.0000,0.0000,0.0000,0.0000,0.0000,0.0000,0.0000,0.0000,0.0000,0.0000,0.0000,0.0000,0.0000,0.0000,0.0000,0.0000,0.0000,0.0000,0.0000,0.0000,0.0000,-0.1065,1.8120,6.6584,350.8743,1.9868,355.0709,3.9773,2.6260,1.7604,0206,2,6,-2.7880,4.2011,5.2065,-2.7880,2.3511,4.6565,NULL,NULL
2020-03-16 10:16:10.0077,10:16:10.0077,2020-03-16,1.2202,91127.094241,90941.4679877118,0020200316101306,False,False,None,0.0000,False,NULL,NULL,NULL,True,None,0.6157,-0.0775,0.7841,0.6043,-0.0808,0.7926,1,1,Playing,153.5000,Normal,74.3859,79.1141,7,9,5.0000,3.2000,3.0000,0.6000,0.4000,rtii,Pointer Shoot,PointerEvent,NULL,NULL,NULL,NULL,NULL,NULL,NULL,NULL,NULL,NULL,NULL,NULL,NULL,NULL,NULL,NULL,NULL,NULL,NULL,NULL,NULL,NULL,NULL,NULL,NULL,NULL,NULL,NULL,NULL,NULL,NULL,NULL,NULL,NULL,NULL,NULL,NULL,NULL,NULL,NULL,NULL,NULL,NULL,NULL,NULL,NULL,NULL,NULL,NULL,NULL,NULL,NULL,NULL,NULL,NULL,NULL,NULL,NULL,NULL,NULL,NULL,NULL,NULL,NULL,NULL,NULL,NULL,NULL,NULL,NULL,NULL,NULL,NULL,NULL,NULL,NULL,NULL
2020-03-16 10:16:10.0097,10:16:10.0097,2020-03-16,0.0000,91127.095961,90941.4679877118,0020200316101306,False,False,None,0.0000,False,NULL,NULL,NULL,True,None,0.6157,-0.0775,0.7841,0.6043,-0.0808,0.7926,1,1,Playing,153.5000,Normal,74.3859,79.1141,7,9,5.0000,3.2000,3.0000,0.6000,0.4000,rtii,Mole Hit,MoleEvent,3.3709,0.3775,5.1027,3.3709,-1.4725,4.5527,3.5000,1.2270,1002,10,2,1.0000,0.2000,-0.0169,-0.0855,-0.1777,0.7640,0.4456,4.4438,38.1398,342.6449,0.1479,0.0760,0.0290,377.5150,40.2331,22.0913,-0.4221,1.2519,0.0343,359.5820,13.5752,354.9100,6.1929,10.7045,1.5362,0.0000,0.0000,0.0000,0.0000,0.0000,0.0000,0.0000,0.0000,0.0000,0.0000,0.0000,0.0000,0.0000,0.0000,0.0000,0.0000,0.0000,0.0000,0.0000,0.0000,0.0000,3.3477,0.2928,5.0693,4.4438,38.1398,342.6449,3.6473,2.0263,2.0285,1002,10,2,3.3709,0.3775,5.1027,3.3709,-1.4725,4.5527,NULL,NULL
2020-03-16 10:16:12.2901,10:16:12.2901,2020-03-16,2.2813,91129.376026,90941.4679877118,0020200316101306,False,False,None,0.0000,False,NULL,NULL,NULL,True,None,0.6157,-0.0775,0.7841,0.6043,-0.0808,0.7926,1,1,Playing,153.5000,Normal,76.6673,76.8327,7,9,5.0000,3.2000,3.0000,0.6000,0.4000,rtii,Mole Spawned,MoleEvent,2.0833,1.3487,6.1244,2.0833,-0.5013,5.5744,3.5000,NULL,0803,8,3,0.7778,0.4000,NULL,NULL,-0.3238,0.8285,0.4291,350.4528,1.5462,351.5535,0.1748,0.0814,0.0492,379.5486,764.5054,22.1859,-0.4393,1.2554,0.0338,357.5019,2.3253,355.1995,723.6754,14.4056,3.4238,0.0000,0.0000,0.0000,0.0000,0.0000,0.0000,0.0000,0.0000,0.0000,0.0000,0.0000,0.0000,0.0000,0.0000,0.0000,0.0000,0.0000,0.0000,0.0000,0.0000,0.0000,-0.1613,1.8769,6.6584,350.4528,1.5462,351.5535,4.2450,1.9507,1.8288,1002,10,2,3.3709,0.3775,5.1027,3.3709,-1.4725,4.5527,NULL,NULL
2020-03-16 10:16:13.1268,10:16:13.1268,2020-03-16,0.8319,91130.212876,90941.4679877118,0020200316101306,False,False,None,0.0000,False,NULL,NULL,NULL,True,None,0.3722,0.0991,0.9228,0.3829,0.0973,0.9186,1,1,Playing,153.5000,Normal,77.4998,76.0002,7,9,5.0000,3.2000,3.0000,0.6000,0.4000,rtii,Pointer Shoot,PointerEvent,NULL,NULL,NULL,NULL,NULL,NULL,NULL,NULL,NULL,NULL,NULL,NULL,NULL,NULL,NULL,NULL,NULL,NULL,NULL,NULL,NULL,NULL,NULL,NULL,NULL,NULL,NULL,NULL,NULL,NULL,NULL,NULL,NULL,NULL,NULL,NULL,NULL,NULL,NULL,NULL,NULL,NULL,NULL,NULL,NULL,NULL,NULL,NULL,NULL,NULL,NULL,NULL,NULL,NULL,NULL,NULL,NULL,NULL,NULL,NULL,NULL,NULL,NULL,NULL,NULL,NULL,NULL,NULL,NULL,NULL,NULL,NULL,NULL,NULL,NULL,NULL,NULL
2020-03-16 10:16:13.1288,10:16:13.1288,2020-03-16,0.0000,91130.215013,90941.4679877118,0020200316101306,False,False,None,0.0000,False,NULL,NULL,NULL,True,None,0.3722,0.0991,0.9228,0.3829,0.0973,0.9186,1,1,Playing,153.5000,Normal,77.4998,76.0002,7,9,5.0000,3.2000,3.0000,0.6000,0.4000,rtii,Mole Hit,MoleEvent,2.0833,1.3487,6.1244,2.0833,-0.5013,5.5744,3.5000,0.8325,0803,8,3,0.7778,0.4000,0.0422,0.0700,-0.2360,0.8184,0.4468,354.3133,21.9679,345.5604,0.0977,0.0240,0.0212,9.7011,27.7096,14.2911,-0.4320,1.2531,0.0352,358.8887,8.3615,355.8040,1.6207,6.6150,1.4438,0.0000,0.0000,0.0000,0.0000,0.0000,0.0000,0.0000,0.0000,0.0000,0.0000,0.0000,0.0000,0.0000,0.0000,0.0000,0.0000,0.0000,0.0000,0.0000,0.0000,0.0000,2.1218,1.4177,6.1028,354.3133,21.9679,345.5604,2.3508,0.6337,0.5807,0803,8,3,2.0833,1.3487,6.1244,2.0833,-0.5013,5.5744,NULL,NULL
2020-03-16 10:16:15.8185,10:16:15.8185,2020-03-16,2.6929,91132.905836,90941.4679877118,0020200316101306,False,False,None,0.0000,False,NULL,NULL,NULL,True,None,0.3722,0.0991,0.9228,0.3829,0.0973,0.9186,1,1,Playing,153.5000,Normal,80.1835,73.3166,7,9,5.0000,3.2000,3.0000,0.6000,0.4000,rtii,Mirror Effect Set True,ModifierEvent,NULL,NULL,NULL,NULL,NULL,NULL,NULL,NULL,NULL,NULL,NULL,NULL,NULL,NULL,NULL,NULL,NULL,NULL,NULL,NULL,NULL,NULL,NULL,NULL,NULL,NULL,NULL,NULL,NULL,NULL,NULL,NULL,NULL,NULL,NULL,NULL,NULL,NULL,NULL,NULL,NULL,NULL,NULL,NULL,NULL,NULL,NULL,NULL,NULL,NULL,NULL,NULL,NULL,NULL,NULL,NULL,NULL,NULL,NULL,NULL,NULL,NULL,NULL,NULL,NULL,NULL,NULL,NULL,NULL,NULL,NULL,NULL,NULL,NULL,NULL,NULL,NULL
2020-03-16 10:16:19.3283,10:16:19.3283,2020-03-16,3.5068,91136.41417,90941.4679877118,0020200316101306,False,True,None,0.0000,False,NULL,NULL,NULL,True,None,0.3722,0.0991,0.9228,0.3829,0.0973,0.9186,1,1,Playing,153.5000,Normal,83.6932,69.8068,7,9,5.0000,3.2000,3.0000,0.6000,0.4000,rtii,Mole Spawned,MoleEvent,2.0833,1.3487,6.1244,2.0833,-0.5013,5.5744,3.5000,NULL,0803,8,3,0.7778,0.4000,NULL,NULL,-0.4782,0.8255,0.4281,347.1865,7.6351,2.9872,0.4960,0.1063,0.0616,28.5632,1494.7830,389.3769,-0.4457,1.2562,0.0306,356.5823,2.4122,357.0242,7.4146,12.9694,6.6028,0.0000,0.0000,0.0000,0.0000,0.0000,0.0000,0.0000,0.0000,0.0000,0.0000,0.0000,0.0000,0.0000,0.0000,0.0000,0.0000,0.0000,0.0000,0.0000,0.0000,0.0000,0.2479,2.1819,6.5353,347.1865,7.6351,2.9872,7.8727,2.4397,1.4078,0803,8,3,2.0833,1.3487,6.1244,2.0833,-0.5013,5.5744,NULL,NULL
2020-03-16 10:16:20.9906,10:16:20.9906,2020-03-16,1.6525,91138.077219,90941.4679877118,0020200316101306,False,True,None,0.0000,False,NULL,NULL,NULL,True,None,0.3589,0.1028,0.9277,0.3595,0.0984,0.9279,1,1,Playing,153.5000,Normal,85.3686,68.1314,7,9,5.0000,3.2000,3.0000,0.6000,0.4000,rtii,Pointer Shoot,PointerEvent,NULL,NULL,NULL,NULL,NULL,NULL,NULL,NULL,NULL,NULL,NULL,NULL,NULL,NULL,NULL,NULL,NULL,NULL,NULL,NULL,NULL,NULL,NULL,NULL,NULL,NULL,NULL,NULL,NULL,NULL,NULL,NULL,NULL,NULL,NULL,NULL,NULL,NULL,NULL,NULL,NULL,NULL,NULL,NULL,NULL,NULL,NULL,NULL,NULL,NULL,NULL,NULL,NULL,NULL,NULL,NULL,NULL,NULL,NULL,NULL,NULL,NULL,NULL,NULL,NULL,NULL,NULL,NULL,NULL,NULL,NULL,NULL,NULL,NULL,NULL,NULL,NULL
2020-03-16 10:16:20.9926,10:16:20.9926,2020-03-16,0.0000,91138.079607,90941.4679877118,0020200316101306,False,True,None,0.0000,False,NULL,NULL,NULL,True,None,0.3589,0.1028,0.9277,0.3595,0.0984,0.9279,1,1,Playing,153.5000,Normal,85.3686,68.1314,7,9,5.0000,3.2000,3.0000,0.6000,0.4000,rtii,Mole Hit,MoleEvent,2.0833,1.3487,6.1244,2.0833,-0.5013,5.5744,3.5000,1.6754,0803,8,3,0.7778,0.4000,-0.1518,0.0304,-0.3202,0.7627,0.3918,354.1013,21.1490,3.8045,0.2152,0.0797,0.0608,13.3628,30.3311,21.3163,-0.4406,1.2482,0.0391,1.5277,7.7535,356.7988,365.1732,6.1680,3.0964,0.0000,0.0000,0.0000,0.0000,0.0000,0.0000,0.0000,0.0000,0.0000,0.0000,0.0000,0.0000,0.0000,0.0000,0.0000,0.0000,0.0000,0.0000,0.0000,0.0000,0.0000,1.9283,1.3781,6.1950,354.1013,21.1490,3.8045,3.3761,1.6074,1.3193,0803,8,3,2.0833,1.3487,6.1244,2.0833,-0.5013,5.5744,NULL,NULL
2020-03-16 10:16:22.8395,10:16:22.8395,2020-03-16,1.8643,91139.925854,90941.4679877118,0020200316101306,False,True,None,0.0000,False,NULL,NULL,NULL,True,None,0.3589,0.1028,0.9277,0.3595,0.0984,0.9279,1,1,Playing,153.5000,Normal,87.2117,66.2883,7,9,5.0000,3.2000,3.0000,0.6000,0.4000,rtii,Mole Spawned,MoleEvent,3.3709,0.3775,5.1027,3.3709,-1.4725,4.5527,3.5000,NULL,1002,10,2,1.0000,0.2000,NULL,NULL,-0.4782,0.8166,0.4518,349.0164,5.0186,5.4634,0.1649,0.0822,0.0672,10.0838,19.7769,8.6169,-0.4504,1.2591,0.0247,354.4837,2.0278,356.8632,368.9128,9.3847,2.5459,0.0000,0.0000,0.0000,0.0000,0.0000,0.0000,0.0000,0.0000,0.0000,0.0000,0.0000,0.0000,0.0000,0.0000,0.0000,0.0000,0.0000,0.0000,0.0000,0.0000,0.0000,0.0888,2.0328,6.6604,349.0164,5.0186,5.4634,2.2371,1.2208,0.8854,0803,8,3,2.0833,1.3487,6.1244,2.0833,-0.5013,5.5744,NULL,NULL
2020-03-16 10:16:26.3576,10:16:26.3576,2020-03-16,3.5190,91143.444208,90941.4679877118,0020200316101306,False,True,None,0.0000,False,NULL,NULL,NULL,True,None,0.3589,0.1028,0.9277,0.3595,0.0984,0.9279,1,1,Playing,153.5000,Normal,90.7342,62.7658,7,9,5.0000,3.2000,3.0000,0.6000,0.4000,rtii,Mole Expired,MoleEvent,3.3709,0.3775,5.1027,3.3709,-1.4725,4.5527,3.5000,NULL,1002,10,2,1.0000,0.2000,NULL,NULL,-0.0808,0.6539,0.3470,13.2646,38.5208,342.7978,0.5404,0.2390,0.1696,2570.9460,76.5188,4035.4900,-0.3784,1.2125,0.0778,18.6862,29.7719,354.8527,392.0987,31.8400,10.7561,0.0000,0.0000,0.0000,0.0000,0.0000,0.0000,0.0000,0.0000,0.0000,0.0000,0.0000,0.0000,0.0000,0.0000,0.0000,0.0000,0.0000,0.0000,0.0000,0.0000,0.0000,3.4289,-0.6169,4.8438,13.2646,38.5208,342.7978,7.9314,5.7782,4.4114,1002,10,2,3.3709,0.3775,5.1027,3.3709,-1.4725,4.5527,NULL,NULL
2020-03-16 10:16:26.3616,10:16:26.3616,2020-03-16,0.0000,91143.448045,90941.4679877118,0020200316101306,False,True,None,0.0000,False,NULL,NULL,NULL,True,None,0.3589,0.1028,0.9277,0.3595,0.0984,0.9279,1,1,Playing,153.5000,Normal,90.7342,62.7658,7,9,5.0000,3.2000,3.0000,0.6000,0.4000,rtii,Mole Spawned,MoleEvent,-2.7880,4.2011,5.2065,-2.7880,2.3511,4.6565,3.5000,NULL,0206,2,6,0.1111,1.0000,NULL,NULL,-0.0808,0.6539,0.3470,13.2646,38.5208,342.7978,0.0000,0.0000,0.0000,0.0000,0.0000,0.0000,-0.3784,1.2125,0.0778,18.6862,29.7719,354.8527,0.0000,0.0000,0.0000,0.0000,0.0000,0.0000,0.0000,0.0000,0.0000,0.0000,0.0000,0.0000,0.0000,0.0000,0.0000,0.0000,0.0000,0.0000,0.0000,0.0000,0.0000,0.0000,0.0000,0.0000,3.4289,-0.6169,4.8438,13.2646,38.5208,342.7978,0.0000,0.0000,0.0000,1002,10,2,3.3709,0.3775,5.1027,3.3709,-1.4725,4.5527,NULL,NULL
2020-03-16 10:16:29.8780,10:16:29.8780,2020-03-16,3.5202,91146.963836,90941.4679877118,0020200316101306,False,True,None,0.0000,False,NULL,NULL,NULL,True,None,0.3589,0.1028,0.9277,0.3595,0.0984,0.9279,1,1,Playing,153.5000,Normal,94.2485,59.2515,7,9,5.0000,3.2000,3.0000,0.6000,0.4000,rtii,Mole Expired,MoleEvent,-2.7880,4.2011,5.2065,-2.7880,2.3511,4.6565,3.5000,NULL,0206,2,6,0.1111,1.0000,NULL,NULL,-0.6799,1.0030,0.4685,331.5936,334.8346,11.7626,0.6825,0.3709,0.1665,422.3206,456.3652,432.7112,-0.4737,1.2692,0.0238,346.6469,345.7462,356.1974,391.6448,403.7411,6.7694,0.0000,0.0000,0.0000,0.0000,0.0000,0.0000,0.0000,0.0000,0.0000,0.0000,0.0000,0.0000,0.0000,0.0000,0.0000,0.0000,0.0000,0.0000,0.0000,0.0000,0.0000,-2.9582,3.9366,5.3733,331.5936,334.8346,11.7626,10.5287,7.2142,5.4313,0206,2,6,-2.7880,4.2011,5.2065,-2.7880,2.3511,4.6565,NULL,NULL
2020-03-16 10:16:29.8800,10:16:29.8800,2020-03-16,0.0000,91146.966339,90941.4679877118,0020200316101306,False,True,None,0.0000,False,NULL,NULL,NULL,True,None,0.3589,0.1028,0.9277,0.3595,0.0984,0.9279,1,1,Playing,153.5000,Normal,94.2485,59.2515,7,9,5.0000,3.2000,3.0000,0.6000,0.4000,rtii,Mole Spawned,MoleEvent,-2.0833,1.3487,6.1244,-2.0833,-0.5013,5.5744,3.5000,NULL,0303,3,3,0.2222,0.4000,NULL,NULL,-0.6799,1.0030,0.4685,331.5936,334.8346,11.7626,0.0000,0.0000,0.0000,0.0000,0.0000,0.0000,-0.4737,1.2692,0.0238,346.6469,345.7462,356.1974,0.0000,0.0000,0.0000,0.0000,0.0000,0.0000,0.0000,0.0000,0.0000,0.0000,0.0000,0.0000,0.0000,0.0000,0.0000,0.0000,0.0000,0.0000,0.0000,0.0000,0.0000,0.0000,0.0000,0.0000,-2.9582,3.9366,5.3733,331.5936,334.8346,11.7626,0.0000,0.0000,0.0000,0206,2,6,-2.7880,4.2011,5.2065,-2.7880,2.3511,4.6565,NULL,NULL
2020-03-16 10:16:30.2321,10:16:30.2321,2020-03-16,0.3447,91147.319349,90941.4679877118,0020200316101306,False,True,None,0.0000,False,NULL,NULL,NULL,True,None,-0.3730,0.5000,0.7815,-0.3705,0.4999,0.7828,1,1,Playing,153.5000,Normal,94.6167,58.8833,7,9,5.0000,3.2000,3.0000,0.6000,0.4000,rtii,Pointer Shoot,PointerEvent,NULL,NULL,NULL,NULL,NULL,NULL,NULL,NULL,NULL,NULL,NULL,NULL,NULL,NULL,NULL,NULL,NULL,NULL,NULL,NULL,NULL,NULL,NULL,NULL,NULL,NULL,NULL,NULL,NULL,NULL,NULL,NULL,NULL,NULL,NULL,NULL,NULL,NULL,NULL,NULL,NULL,NULL,NULL,NULL,NULL,NULL,NULL,NULL,NULL,NULL,NULL,NULL,NULL,NULL,NULL,NULL,NULL,NULL,NULL,NULL,NULL,NULL,NULL,NULL,NULL,NULL,NULL,NULL,NULL,NULL,NULL,NULL,NULL,NULL,NULL,NULL,NULL
2020-03-16 10:16:30.2351,10:16:30.2351,2020-03-16,0.0000,91147.321072,90941.4679877118,0020200316101306,False,True,None,0.0000,False,NULL,NULL,NULL,True,None,-0.3730,0.5000,0.7815,-0.3705,0.4999,0.7828,1,1,Playing,153.5000,Normal,94.6167,58.8833,7,9,5.0000,3.2000,3.0000,0.6000,0.4000,rtii,Expired Mole Hit,MoleEvent,-2.7880,4.2011,5.2065,-2.7880,2.3511,4.6565,3.5000,NULL,0206,2,6,0.1111,1.0000,-0.1430,-0.1507,NULL,NULL,NULL,NULL,NULL,NULL,NULL,NULL,NULL,NULL,NULL,NULL,NULL,NULL,NULL,NULL,NULL,NULL,NULL,NULL,NULL,NULL,NULL,NULL,NULL,NULL,NULL,NULL,NULL,NULL,NULL,NULL,NULL,NULL,NULL,NULL,NULL,NULL,NULL,NULL,NULL,NULL,NULL,NULL,NULL,NULL,NULL,NULL,NULL,NULL,NULL,NULL,NULL,NULL,NULL,NULL,NULL,NULL,NULL,NULL,NULL,NULL
2020-03-16 10:16:31.5132,10:16:31.5132,2020-03-16,1.2731,91148.599505,90941.4679877118,0020200316101306,False,True,None,0.0000,False,NULL,NULL,NULL,True,None,-0.2659,0.1040,0.9584,-0.2623,0.1075,0.9590,1,1,Playing,153.5000,Normal,95.8899,57.6101,7,9,5.0000,3.2000,3.0000,0.6000,0.4000,rtii,Pointer Shoot,PointerEvent,NULL,NULL,NULL,NULL,NULL,NULL,NULL,NULL,NULL,NULL,NULL,NULL,NULL,NULL,NULL,NULL,NULL,NULL,NULL,NULL,NULL,NULL,NULL,NULL,NULL,NULL,NULL,NULL,NULL,NULL,NULL,NULL,NULL,NULL,NULL,NULL,NULL,NULL,NULL,NULL,NULL,NULL,NULL,NULL,NULL,NULL,NULL,NULL,NULL,NULL,NULL,NULL,NULL,NULL,NULL,NULL,NULL,NULL,NULL,NULL,NULL,NULL,NULL,NULL,NULL,NULL,NULL,NULL,NULL,NULL,NULL,NULL,NULL,NULL,NULL,NULL,NULL
2020-03-16 10:16:31.5152,10:16:31.5152,2020-03-16,0.0000,91148.601451,90941.4679877118,0020200316101306,False,True,None,0.0000,False,NULL,NULL,NULL,True,None,-0.2659,0.1040,0.9584,-0.2623,0.1075,0.9590,1,1,Playing,153.5000,Normal,95.8899,57.6101,7,9,5.0000,3.2000,3.0000,0.6000,0.4000,rtii,Mole Hit,MoleEvent,-2.0833,1.3487,6.1244,-2.0833,-0.5013,5.5744,3.5000,1.6414,0303,3,3,0.2222,0.4000,-0.1059,0.0990,-0.6593,0.8209,0.4906,354.0306,344.4932,1.0962,0.2753,0.2345,0.0480,32.5761,41.3810,22.6551,-0.4706,1.2507,0.0442,359.3487,349.9972,357.2517,13.6253,5.7825,3.0498,0.0000,0.0000,0.0000,0.0000,0.0000,0.0000,0.0000,0.0000,0.0000,0.0000,0.0000,0.0000,0.0000,0.0000,0.0000,0.0000,0.0000,0.0000,0.0000,0.0000,0.0000,-2.1864,1.4466,6.0742,354.0306,344.4932,1.0962,4.1611,3.6681,2.7084,0303,3,3,-2.0833,1.3487,6.1244,-2.0833,-0.5013,5.5744,NULL,NULL
2020-03-16 10:16:33.3831,10:16:33.3831,2020-03-16,1.8877,91150.469425,90941.4679877118,0020200316101306,False,True,None,0.0000,False,NULL,NULL,NULL,True,None,-0.2659,0.1040,0.9584,-0.2623,0.1075,0.9590,1,1,Playing,153.5000,Normal,97.7571,55.7430,7,9,5.0000,3.2000,3.0000,0.6000,0.4000,rtii,Mole Spawned,MoleEvent,-3.3709,2.3513,5.2897,-3.3709,0.5013,4.7397,3.5000,NULL,0104,1,4,0.0000,0.6000,NULL,NULL,-0.4642,0.8713,0.4575,347.6617,4.5940,4.1567,0.2054,0.0749,0.0402,11.5992,381.0155,8.9426,-0.4469,1.2547,0.0412,356.7669,4.1313,356.4041,3.4683,374.2109,2.1331,0.0000,0.0000,0.0000,0.0000,0.0000,0.0000,0.0000,0.0000,0.0000,0.0000,0.0000,0.0000,0.0000,0.0000,0.0000,0.0000,0.0000,0.0000,0.0000,0.0000,0.0000,0.0445,2.2448,6.6605,347.6617,4.5940,4.1567,2.5241,1.4300,0.9003,0303,3,3,-2.0833,1.3487,6.1244,-2.0833,-0.5013,5.5744,NULL,NULL
2020-03-16 10:16:35.2892,10:16:35.2892,2020-03-16,1.8866,91152.375917,90941.4679877118,0020200316101306,False,True,None,0.0000,False,NULL,NULL,NULL,True,None,-0.4582,0.2534,0.8520,-0.4487,0.2519,0.8574,1,1,Playing,153.5000,Normal,99.6642,53.8358,7,9,5.0000,3.2000,3.0000,0.6000,0.4000,rtii,Pointer Shoot,PointerEvent,NULL,NULL,NULL,NULL,NULL,NULL,NULL,NULL,NULL,NULL,NULL,NULL,NULL,NULL,NULL,NULL,NULL,NULL,NULL,NULL,NULL,NULL,NULL,NULL,NULL,NULL,NULL,NULL,NULL,NULL,NULL,NULL,NULL,NULL,NULL,NULL,NULL,NULL,NULL,NULL,NULL,NULL,NULL,NULL,NULL,NULL,NULL,NULL,NULL,NULL,NULL,NULL,NULL,NULL,NULL,NULL,NULL,NULL,NULL,NULL,NULL,NULL,NULL,NULL,NULL,NULL,NULL,NULL,NULL,NULL,NULL,NULL,NULL,NULL,NULL,NULL,NULL
2020-03-16 10:16:35.2912,10:16:35.2922,2020-03-16,0.0000,91152.378786,90941.4679877118,0020200316101306,False,True,None,0.0000,False,NULL,NULL,NULL,True,None,-0.4582,0.2534,0.8520,-0.4487,0.2519,0.8574,1,1,Playing,153.5000,Normal,99.6642,53.8358,7,9,5.0000,3.2000,3.0000,0.6000,0.4000,rtii,Mole Hit,MoleEvent,-3.3709,2.3513,5.2897,-3.3709,0.5013,4.7397,3.5000,1.9072,0104,1,4,0.0000,0.6000,0.0190,-0.0352,-0.8319,0.9012,0.5005,345.3211,331.7271,359.5077,0.4025,0.0623,0.0886,15.9136,420.0487,1102.1290,-0.4855,1.2595,0.0274,354.1508,338.3769,358.7870,4.3338,385.7618,4.7894,0.0000,0.0000,0.0000,0.0000,0.0000,0.0000,0.0000,0.0000,0.0000,0.0000,0.0000,0.0000,0.0000,0.0000,0.0000,0.0000,0.0000,0.0000,0.0000,0.0000,0.0000,-3.3475,2.3136,5.3080,345.3211,331.7271,359.5077,6.4928,1.7725,2.4295,0104,1,4,-3.3709,2.3513,5.2897,-3.3709,0.5013,4.7397,NULL,NULL
2020-03-16 10:16:40.4107,10:16:40.4107,2020-03-16,5.1403,91157.496961,90941.4679877118,0020200316101306,False,True,None,0.0000,False,NULL,NULL,NULL,True,None,-0.4582,0.2534,0.8520,-0.4487,0.2519,0.8574,1,1,Playing,153.5000,Normal,104.7811,48.7189,7,9,5.0000,3.2000,3.0000,0.6000,0.4000,rtii,Mole Spawned,MoleEvent,2.7880,3.3225,5.5688,2.7880,1.4725,5.0188,3.5000,NULL,0905,9,5,0.8889,0.8000,NULL,NULL,-0.5683,0.9010,0.4415,343.6661,1.1306,2.8300,0.3161,0.0588,0.0711,13.7156,397.1209,2536.6890,-0.4484,1.2588,0.0315,354.5009,2.1636,356.6831,6.7209,397.8315,5.8053,0.0000,0.0000,0.0000,0.0000,0.0000,0.0000,0.0000,0.0000,0.0000,0.0000,0.0000,0.0000,0.0000,0.0000,0.0000,0.0000,0.0000,0.0000,0.0000,0.0000,0.0000,-0.4487,2.7092,6.5920,343.6661,1.1306,2.8300,3.8046,1.8260,1.9279,0104,1,4,-3.3709,2.3513,5.2897,-3.3709,0.5013,4.7397,NULL,NULL
2020-03-16 10:16:42.2030,10:16:42.2030,2020-03-16,1.7752,91159.289128,90941.4679877118,0020200316101306,False,True,None,0.0000,False,NULL,NULL,NULL,True,None,0.4480,0.3675,0.8150,0.4506,0.3641,0.8151,1,1,Playing,153.5000,Normal,106.5797,46.9203,7,9,5.0000,3.2000,3.0000,0.6000,0.4000,rtii,Pointer Shoot,PointerEvent,NULL,NULL,NULL,NULL,NULL,NULL,NULL,NULL,NULL,NULL,NULL,NULL,NULL,NULL,NULL,NULL,NULL,NULL,NULL,NULL,NULL,NULL,NULL,NULL,NULL,NULL,NULL,NULL,NULL,NULL,NULL,NULL,NULL,NULL,NULL,NULL,NULL,NULL,NULL,NULL,NULL,NULL,NULL,NULL,NULL,NULL,NULL,NULL,NULL,NULL,NULL,NULL,NULL,NULL,NULL,NULL,NULL,NULL,NULL,NULL,NULL,NULL,NULL,NULL,NULL,NULL,NULL,NULL,NULL,NULL,NULL,NULL,NULL,NULL,NULL,NULL,NULL
2020-03-16 10:16:42.2050,10:16:42.2050,2020-03-16,0.0000,91159.291175,90941.4679877118,0020200316101306,False,True,None,0.0000,False,NULL,NULL,NULL,True,None,0.4480,0.3675,0.8150,0.4506,0.3641,0.8151,1,1,Playing,153.5000,Normal,106.5797,46.9203,7,9,5.0000,3.2000,3.0000,0.6000,0.4000,rtii,Mole Hit,MoleEvent,2.7880,3.3225,5.5688,2.7880,1.4725,5.0188,3.5000,1.7985,0905,9,5,0.8889,0.8000,-0.1374,-0.0146,-0.2525,0.9619,0.4272,338.4403,28.7952,358.3507,0.3231,0.0783,0.0419,12.3232,751.4216,371.5299,-0.4284,1.2593,0.0270,353.5297,14.7054,353.2003,3.0979,13.7446,4.2339,0.0000,0.0000,0.0000,0.0000,0.0000,0.0000,0.0000,0.0000,0.0000,0.0000,0.0000,0.0000,0.0000,0.0000,0.0000,0.0000,0.0000,0.0000,0.0000,0.0000,0.0000,2.6467,3.3043,5.6714,338.4403,28.7952,358.3507,3.4412,1.5047,1.8054,0905,9,5,2.7880,3.3225,5.5688,2.7880,1.4725,5.0188,NULL,NULL
2020-03-16 10:16:43.9347,10:16:43.9347,2020-03-16,1.7426,91161.020709,90941.4679877118,0020200316101306,False,True,None,0.0000,False,NULL,NULL,NULL,True,None,0.4480,0.3675,0.8150,0.4506,0.3641,0.8151,1,1,Playing,153.5000,Normal,108.2983,45.2017,7,9,5.0000,3.2000,3.0000,0.6000,0.4000,rtii,Mole Spawned,MoleEvent,0.4355,3.3225,6.3229,0.4355,1.4725,5.7729,3.5000,NULL,0605,6,5,0.5556,0.8000,NULL,NULL,-0.4894,0.9111,0.4445,342.7532,3.7145,7.0265,0.2659,0.0572,0.0463,7.3856,31.5591,374.5154,-0.4416,1.2610,0.0278,352.7243,5.4885,354.6366,3.7397,10.6637,2.7686,0.0000,0.0000,0.0000,0.0000,0.0000,0.0000,0.0000,0.0000,0.0000,0.0000,0.0000,0.0000,0.0000,0.0000,0.0000,0.0000,0.0000,0.0000,0.0000,0.0000,0.0000,-0.0883,2.8181,6.5709,342.7532,3.7145,7.0265,3.3918,1.0528,1.6267,0905,9,5,2.7880,3.3225,5.5688,2.7880,1.4725,5.0188,NULL,NULL
2020-03-16 10:16:44.8269,10:16:44.8269,2020-03-16,0.8826,91161.912984,90941.4679877118,0020200316101306,False,True,None,0.0000,False,NULL,NULL,NULL,True,None,0.1356,0.4011,0.9060,0.1390,0.3975,0.9070,1,1,Playing,153.5000,Normal,109.2049,44.2951,7,9,5.0000,3.2000,3.0000,0.6000,0.4000,rtii,Pointer Shoot,PointerEvent,NULL,NULL,NULL,NULL,NULL,NULL,NULL,NULL,NULL,NULL,NULL,NULL,NULL,NULL,NULL,NULL,NULL,NULL,NULL,NULL,NULL,NULL,NULL,NULL,NULL,NULL,NULL,NULL,NULL,NULL,NULL,NULL,NULL,NULL,NULL,NULL,NULL,NULL,NULL,NULL,NULL,NULL,NULL,NULL,NULL,NULL,NULL,NULL,NULL,NULL,NULL,NULL,NULL,NULL,NULL,NULL,NULL,NULL,NULL,NULL,NULL,NULL,NULL,NULL,NULL,NULL,NULL,NULL,NULL,NULL,NULL,NULL,NULL,NULL,NULL,NULL,NULL
2020-03-16 10:16:44.8289,10:16:44.8289,2020-03-16,0.0000,91161.914782,90941.4679877118,0020200316101306,False,True,None,0.0000,False,NULL,NULL,NULL,True,None,0.1356,0.4011,0.9060,0.1390,0.3975,0.9070,1,1,Playing,153.5000,Normal,109.2049,44.2951,7,9,5.0000,3.2000,3.0000,0.6000,0.4000,rtii,Mole Hit,MoleEvent,0.4355,3.3225,6.3229,0.4355,1.4725,5.7729,3.5000,0.9066,0605,6,5,0.5556,0.8000,-0.0060,0.1845,-0.4613,0.9591,0.4447,336.3553,8.5095,4.2448,0.0449,0.0509,0.0100,6.8433,8.0941,5.2868,-0.4426,1.2612,0.0291,352.6510,5.1388,354.9973,1.3905,1.9133,1.0151,0.0000,0.0000,0.0000,0.0000,0.0000,0.0000,0.0000,0.0000,0.0000,0.0000,0.0000,0.0000,0.0000,0.0000,0.0000,0.0000,0.0000,0.0000,0.0000,0.0000,0.0000,0.4281,3.5029,6.2499,336.3553,8.5095,4.2448,0.7927,0.7320,0.3612,0605,6,5,0.4355,3.3225,6.3229,0.4355,1.4725,5.7729,NULL,NULL
2020-03-16 10:16:47.4239,10:16:47.4239,2020-03-16,2.6137,91164.511111,90941.4679877118,0020200316101306,False,True,None,0.0000,False,NULL,NULL,NULL,True,None,0.1356,0.4011,0.9060,0.1390,0.3975,0.9070,1,1,Playing,153.5000,Normal,111.8040,41.6960,7,9,5.0000,3.2000,3.0000,0.6000,0.4000,rtii,Mole Spawned,MoleEvent,-2.0833,3.3225,5.9374,-2.0833,1.4725,5.3874,3.5000,NULL,0305,3,5,0.2222,0.8000,NULL,NULL,-0.5143,0.9056,0.4381,342.6157,5.4623,4.5659,0.1409,0.0729,0.0296,13.6126,739.1342,14.7540,-0.4528,1.2626,0.0249,351.5246,359.3348,356.1791,3.5306,367.7634,3.3432,0.0000,0.0000,0.0000,0.0000,0.0000,0.0000,0.0000,0.0000,0.0000,0.0000,0.0000,0.0000,0.0000,0.0000,0.0000,0.0000,0.0000,0.0000,0.0000,0.0000,0.0000,0.0750,2.8289,6.5690,342.6157,5.4623,4.5659,2.2078,1.4854,0.8398,0605,6,5,0.4355,3.3225,6.3229,0.4355,1.4725,5.7729,NULL,NULL
2020-03-16 10:16:48.7395,10:16:48.7395,2020-03-16,1.2962,91165.825481,90941.4679877118,0020200316101306,False,True,None,0.0000,False,NULL,NULL,NULL,True,None,-0.2501,0.3769,0.8918,-0.2526,0.3725,0.8930,1,1,Playing,153.5000,Normal,113.1148,40.3852,7,9,5.0000,3.2000,3.0000,0.6000,0.4000,rtii,Pointer Shoot,PointerEvent,NULL,NULL,NULL,NULL,NULL,NULL,NULL,NULL,NULL,NULL,NULL,NULL,NULL,NULL,NULL,NULL,NULL,NULL,NULL,NULL,NULL,NULL,NULL,NULL,NULL,NULL,NULL,NULL,NULL,NULL,NULL,NULL,NULL,NULL,NULL,NULL,NULL,NULL,NULL,NULL,NULL,NULL,NULL,NULL,NULL,NULL,NULL,NULL,NULL,NULL,NULL,NULL,NULL,NULL,NULL,NULL,NULL,NULL,NULL,NULL,NULL,NULL,NULL,NULL,NULL,NULL,NULL,NULL,NULL,NULL,NULL,NULL,NULL,NULL,NULL,NULL,NULL
2020-03-16 10:16:48.7415,10:16:48.7415,2020-03-16,0.0000,91165.827213,90941.4679877118,0020200316101306,False,True,None,0.0000,False,NULL,NULL,NULL,True,None,-0.2501,0.3769,0.8918,-0.2526,0.3725,0.8930,1,1,Playing,153.5000,Normal,113.1148,40.3852,7,9,5.0000,3.2000,3.0000,0.6000,0.4000,rtii,Mole Hit,MoleEvent,-2.0833,3.3225,5.9374,-2.0833,1.4725,5.3874,3.5000,1.3108,0305,3,5,0.2222,0.8000,-0.1364,-0.0968,-0.6809,0.9566,0.4674,337.8583,344.3325,9.9901,0.2420,0.0602,0.0621,10.9969,394.5234,14.6805,-0.4686,1.2628,0.0241,351.5695,349.9352,357.5707,2.3086,732.0804,3.9973,0.0000,0.0000,0.0000,0.0000,0.0000,0.0000,0.0000,0.0000,0.0000,0.0000,0.0000,0.0000,0.0000,0.0000,0.0000,0.0000,0.0000,0.0000,0.0000,0.0000,0.0000,-2.2171,3.2219,5.8978,337.8583,344.3325,9.9901,3.8089,1.3354,1.7796,0305,3,5,-2.0833,3.3225,5.9374,-2.0833,1.4725,5.3874,NULL,NULL
2020-03-16 10:16:50.9431,10:16:50.9431,2020-03-16,2.2216,91168.029789,90941.4679877118,0020200316101306,False,True,None,0.0000,False,NULL,NULL,NULL,True,None,-0.2501,0.3769,0.8918,-0.2526,0.3725,0.8930,1,1,Playing,153.5000,Normal,115.3145,38.1855,7,9,5.0000,3.2000,3.0000,0.6000,0.4000,rtii,Mole Spawned,MoleEvent,2.0833,3.3225,5.9374,2.0833,1.4725,5.3874,3.5000,NULL,0805,8,5,0.7778,0.8000,NULL,NULL,-0.5347,0.9085,0.4499,342.7438,1.5338,4.2681,0.2696,0.0697,0.0494,9.6358,396.0453,15.0420,-0.4482,1.2603,0.0279,353.0760,5.1471,357.1626,6.7727,375.1862,2.9342,0.0000,0.0000,0.0000,0.0000,0.0000,0.0000,0.0000,0.0000,0.0000,0.0000,0.0000,0.0000,0.0000,0.0000,0.0000,0.0000,0.0000,0.0000,0.0000,0.0000,0.0000,-0.3899,2.8242,6.5715,342.7438,1.5338,4.2681,4.0948,1.0750,1.0370,0305,3,5,-2.0833,3.3225,5.9374,-2.0833,1.4725,5.3874,NULL,NULL
2020-03-16 10:16:52.4006,10:16:52.4006,2020-03-16,1.4419,91169.486563,90941.4679877118,0020200316101306,False,True,None,0.0000,False,NULL,NULL,NULL,True,None,0.3405,0.3553,0.8705,0.3474,0.3501,0.8699,1,1,Playing,153.5000,Normal,116.7783,36.7217,7,9,5.0000,3.2000,3.0000,0.6000,0.4000,rtii,Pointer Shoot,PointerEvent,NULL,NULL,NULL,NULL,NULL,NULL,NULL,NULL,NULL,NULL,NULL,NULL,NULL,NULL,NULL,NULL,NULL,NULL,NULL,NULL,NULL,NULL,NULL,NULL,NULL,NULL,NULL,NULL,NULL,NULL,NULL,NULL,NULL,NULL,NULL,NULL,NULL,NULL,NULL,NULL,NULL,NULL,NULL,NULL,NULL,NULL,NULL,NULL,NULL,NULL,NULL,NULL,NULL,NULL,NULL,NULL,NULL,NULL,NULL,NULL,NULL,NULL,NULL,NULL,NULL,NULL,NULL,NULL,NULL,NULL,NULL,NULL,NULL,NULL,NULL,NULL,NULL
2020-03-16 10:16:52.4026,10:16:52.4026,2020-03-16,0.0000,91169.488531,90941.4679877118,0020200316101306,False,True,None,0.0000,False,NULL,NULL,NULL,True,None,0.3405,0.3553,0.8705,0.3474,0.3501,0.8699,1,1,Playing,153.5000,Normal,116.7783,36.7217,7,9,5.0000,3.2000,3.0000,0.6000,0.4000,rtii,Mole Hit,MoleEvent,2.0833,3.3225,5.9374,2.0833,1.4725,5.3874,3.5000,1.4638,0805,8,5,0.7778,0.8000,-0.1941,-0.1111,-0.3662,0.9376,0.4285,339.1873,21.3644,0.7702,0.2036,0.0353,0.0395,7.9575,746.4330,2888.8480,-0.4426,1.2601,0.0271,353.0197,8.0631,355.5724,2.3211,4.6614,2.6332,0.0000,0.0000,0.0000,0.0000,0.0000,0.0000,0.0000,0.0000,0.0000,0.0000,0.0000,0.0000,0.0000,0.0000,0.0000,0.0000,0.0000,0.0000,0.0000,0.0000,0.0000,1.8864,3.2079,6.0692,339.1873,21.3644,0.7702,3.1089,0.9649,1.1064,0805,8,5,2.0833,3.3225,5.9374,2.0833,1.4725,5.3874,NULL,NULL
2020-03-16 10:16:54.4670,10:16:54.4670,2020-03-16,2.0772,91171.553542,90941.4679877118,0020200316101306,False,True,None,0.0000,False,NULL,NULL,NULL,True,None,0.3405,0.3553,0.8705,0.3474,0.3501,0.8699,1,1,Playing,153.5000,Normal,118.8330,34.6670,7,9,5.0000,3.2000,3.0000,0.6000,0.4000,rtii,Mole Spawned,MoleEvent,1.2876,-0.5011,5.8302,1.2876,-2.3511,5.2802,3.5000,NULL,0701,7,1,0.6667,0.0000,NULL,NULL,-0.5302,0.9088,0.4535,343.1136,2.7335,7.7280,0.1950,0.0563,0.0468,9.6781,28.2202,14.7771,-0.4520,1.2630,0.0234,351.0398,1.4896,356.4095,3.5283,731.5429,3.0397,0.0000,0.0000,0.0000,0.0000,0.0000,0.0000,0.0000,0.0000,0.0000,0.0000,0.0000,0.0000,0.0000,0.0000,0.0000,0.0000,0.0000,0.0000,0.0000,0.0000,0.0000,-0.2381,2.7621,6.5812,343.1136,2.7335,7.7280,3.0566,1.1916,1.0841,0805,8,5,2.0833,3.3225,5.9374,2.0833,1.4725,5.3874,NULL,NULL
2020-03-16 10:16:56.2216,10:16:56.2216,2020-03-16,1.7418,91173.308348,90941.4679877118,0020200316101306,False,True,None,0.0000,False,NULL,NULL,NULL,True,None,0.2607,-0.1877,0.9470,0.2668,-0.1900,0.9448,1,1,Playing,153.5000,Normal,120.5974,32.9026,7,9,5.0000,3.2000,3.0000,0.6000,0.4000,rtii,Pointer Shoot,PointerEvent,NULL,NULL,NULL,NULL,NULL,NULL,NULL,NULL,NULL,NULL,NULL,NULL,NULL,NULL,NULL,NULL,NULL,NULL,NULL,NULL,NULL,NULL,NULL,NULL,NULL,NULL,NULL,NULL,NULL,NULL,NULL,NULL,NULL,NULL,NULL,NULL,NULL,NULL,NULL,NULL,NULL,NULL,NULL,NULL,NULL,NULL,NULL,NULL,NULL,NULL,NULL,NULL,NULL,NULL,NULL,NULL,NULL,NULL,NULL,NULL,NULL,NULL,NULL,NULL,NULL,NULL,NULL,NULL,NULL,NULL,NULL,NULL,NULL,NULL,NULL,NULL,NULL
2020-03-16 10:16:56.2236,10:16:56.2246,2020-03-16,0.0000,91173.310596,90941.4679877118,0020200316101306,False,True,None,0.0000,False,NULL,NULL,NULL,True,None,0.2607,-0.1877,0.9470,0.2668,-0.1900,0.9448,1,1,Playing,153.5000,Normal,120.5974,32.9026,7,9,5.0000,3.2000,3.0000,0.6000,0.4000,rtii,Mole Hit,MoleEvent,1.2876,-0.5011,5.8302,1.2876,-2.3511,5.2802,3.5000,1.7644,0701,7,1,0.6667,0.0000,-0.1140,0.0813,-0.3737,0.6822,0.4351,10.8169,15.3938,1.4485,0.2167,0.3400,0.0425,399.7357,748.2502,1462.9520,-0.4362,1.2287,0.0565,13.0887,9.0611,357.0446,380.2797,8.2575,4.4977,0.0000,0.0000,0.0000,0.0000,0.0000,0.0000,0.0000,0.0000,0.0000,0.0000,0.0000,0.0000,0.0000,0.0000,0.0000,0.0000,0.0000,0.0000,0.0000,0.0000,0.0000,1.1711,-0.4180,5.9062,10.8169,15.3938,1.4485,3.2827,5.0190,2.4886,0701,7,1,1.2876,-0.5011,5.8302,1.2876,-2.3511,5.2802,NULL,NULL
2020-03-16 10:16:57.9688,10:16:57.9688,2020-03-16,1.7653,91175.054779,90941.4679877118,0020200316101306,False,True,None,0.0000,False,NULL,NULL,NULL,True,None,0.2607,-0.1877,0.9470,0.2668,-0.1900,0.9448,1,1,Playing,153.5000,Normal,122.3413,31.1587,7,9,5.0000,3.2000,3.0000,0.6000,0.4000,rtii,Mole Spawned,MoleEvent,-2.0833,2.3513,6.1244,-2.0833,0.5013,5.5744,3.5000,NULL,0304,3,4,0.2222,0.6000,NULL,NULL,-0.5885,0.8590,0.4763,346.2137,355.9494,358.6700,0.4376,0.1783,0.0859,386.7329,404.1240,376.1106,-0.4572,1.2614,0.0233,352.5460,0.7339,357.6595,381.4754,737.4700,3.3470,0.0000,0.0000,0.0000,0.0000,0.0000,0.0000,0.0000,0.0000,0.0000,0.0000,0.0000,0.0000,0.0000,0.0000,0.0000,0.0000,0.0000,0.0000,0.0000,0.0000,0.0000,-1.1361,2.3228,6.3991,346.2137,355.9494,358.6700,4.8586,3.0440,2.2041,0701,7,1,1.2876,-0.5011,5.8302,1.2876,-2.3511,5.2802,NULL,NULL
2020-03-16 10:16:59.4073,10:16:59.4073,2020-03-16,1.4188,91176.493339,90941.4679877118,0020200316101306,False,True,None,0.0000,False,NULL,NULL,NULL,True,None,-0.1939,0.2615,0.9455,-0.1838,0.2653,0.9465,1,1,Playing,153.5000,Normal,123.7815,29.7185,7,9,5.0000,3.2000,3.0000,0.6000,0.4000,rtii,Pointer Shoot,PointerEvent,NULL,NULL,NULL,NULL,NULL,NULL,NULL,NULL,NULL,NULL,NULL,NULL,NULL,NULL,NULL,NULL,NULL,NULL,NULL,NULL,NULL,NULL,NULL,NULL,NULL,NULL,NULL,NULL,NULL,NULL,NULL,NULL,NULL,NULL,NULL,NULL,NULL,NULL,NULL,NULL,NULL,NULL,NULL,NULL,NULL,NULL,NULL,NULL,NULL,NULL,NULL,NULL,NULL,NULL,NULL,NULL,NULL,NULL,NULL,NULL,NULL,NULL,NULL,NULL,NULL,NULL,NULL,NULL,NULL,NULL,NULL,NULL,NULL,NULL,NULL,NULL,NULL
2020-03-16 10:16:59.4103,10:16:59.4103,2020-03-16,0.0000,91176.496816,90941.4679877118,0020200316101306,False,True,None,0.0000,False,-1.7969,2.5359,6.3497,True,None,-0.1939,0.2615,0.9455,-0.1838,0.2653,0.9465,1,1,Playing,153.5000,Normal,123.7815,29.7185,7,9,5.0000,3.2000,3.0000,0.6000,0.4000,rtii,Mole Missed,MoleEvent,NULL,NULL,NULL,NULL,NULL,NULL,NULL,NULL,NULL,NULL,NULL,NULL,NULL,NULL,NULL,-0.6574,0.8914,0.4826,344.8401,348.4109,4.5175,0.3923,0.0541,0.0429,8.2672,765.6027,374.3342,-0.4676,1.2604,0.0242,353.2525,354.7578,359.3046,2.6498,371.4447,725.2351,0.0000,0.0000,0.0000,0.0000,0.0000,0.0000,0.0000,0.0000,0.0000,0.0000,0.0000,0.0000,0.0000,0.0000,0.0000,0.0000,0.0000,0.0000,0.0000,0.0000,0.0000,-1.7949,2.5332,6.3402,344.8401,348.4109,4.5175,4.9369,1.1039,2.7540,0304,3,4,-2.0833,2.3513,6.1244,-2.0833,0.5013,5.5744,0.3644,0.1845
2020-03-16 10:16:59.7553,10:16:59.7553,2020-03-16,0.3580,91176.841607,90941.4679877118,0020200316101306,False,True,None,0.0000,False,NULL,NULL,NULL,True,None,-0.2469,0.2582,0.9340,-0.2367,0.2561,0.9372,1,1,Playing,153.5000,Normal,124.1394,29.3606,7,9,5.0000,3.2000,3.0000,0.6000,0.4000,rtii,Pointer Shoot,PointerEvent,NULL,NULL,NULL,NULL,NULL,NULL,NULL,NULL,NULL,NULL,NULL,NULL,NULL,NULL,NULL,NULL,NULL,NULL,NULL,NULL,NULL,NULL,NULL,NULL,NULL,NULL,NULL,NULL,NULL,NULL,NULL,NULL,NULL,NULL,NULL,NULL,NULL,NULL,NULL,NULL,NULL,NULL,NULL,NULL,NULL,NULL,NULL,NULL,NULL,NULL,NULL,NULL,NULL,NULL,NULL,NULL,NULL,NULL,NULL,NULL,NULL,NULL,NULL,NULL,NULL,NULL,NULL,NULL,NULL,NULL,NULL,NULL,NULL,NULL,NULL,NULL,NULL
2020-03-16 10:16:59.7573,10:16:59.7573,2020-03-16,0.0000,91176.843536,90941.4679877118,0020200316101306,False,True,None,0.0000,False,NULL,NULL,NULL,True,None,-0.2469,0.2582,0.9340,-0.2367,0.2561,0.9372,1,1,Playing,153.5000,Normal,124.1394,29.3606,7,9,5.0000,3.2000,3.0000,0.6000,0.4000,rtii,Mole Hit,MoleEvent,-2.0833,2.3513,6.1244,-2.0833,0.5013,5.5744,3.5000,1.7981,0304,3,4,0.2222,0.6000,-0.0164,0.0772,-0.6789,0.8915,0.4811,345.0357,345.1941,6.5648,0.0216,0.0072,0.0029,2.8756,3.8273,4.0975,-0.4664,1.2605,0.0241,353.2373,354.7985,359.0935,0.5573,0.6536,0.3424,0.0000,0.0000,0.0000,0.0000,0.0000,0.0000,0.0000,0.0000,0.0000,0.0000,0.0000,0.0000,0.0000,0.0000,0.0000,0.0000,0.0000,0.0000,0.0000,0.0000,0.0000,-2.0972,2.4259,6.0972,345.0357,345.1941,6.5648,0.4498,0.3322,0.2450,0304,3,4,-2.0833,2.3513,6.1244,-2.0833,0.5013,5.5744,NULL,NULL
2020-03-16 10:17:01.4732,10:17:01.4732,2020-03-16,1.7268,91178.55936,90941.4679877118,0020200316101306,False,True,None,0.0000,False,NULL,NULL,NULL,True,None,-0.2469,0.2582,0.9340,-0.2367,0.2561,0.9372,1,1,Playing,153.5000,Normal,125.8482,27.6518,7,9,5.0000,3.2000,3.0000,0.6000,0.4000,rtii,Mole Spawned,MoleEvent,-2.7880,0.3775,5.5688,-2.7880,-1.4725,5.0188,3.5000,NULL,0202,2,2,0.1111,0.2000,NULL,NULL,-0.5464,0.8804,0.4573,344.6568,359.6017,1.8719,0.3347,0.0900,0.0590,11.6493,750.7219,734.8787,-0.4496,1.2658,0.0179,349.4827,4.8249,357.1131,4.4977,372.7034,4.1681,0.0000,0.0000,0.0000,0.0000,0.0000,0.0000,0.0000,0.0000,0.0000,0.0000,0.0000,0.0000,0.0000,0.0000,0.0000,0.0000,0.0000,0.0000,0.0000,0.0000,0.0000,-0.5271,2.5211,6.4737,344.6568,359.6017,1.8719,4.5570,1.4041,2.0846,0304,3,4,-2.0833,2.3513,6.1244,-2.0833,0.5013,5.5744,NULL,NULL
2020-03-16 10:17:03.3199,10:17:03.3199,2020-03-16,1.8363,91180.406949,90941.4679877118,0020200316101306,False,True,None,0.0000,False,NULL,NULL,NULL,True,None,-0.3617,-0.0387,0.9315,-0.3559,-0.0378,0.9338,1,1,Playing,153.5000,Normal,127.7026,25.7974,7,9,5.0000,3.2000,3.0000,0.6000,0.4000,rtii,Pointer Shoot,PointerEvent,NULL,NULL,NULL,NULL,NULL,NULL,NULL,NULL,NULL,NULL,NULL,NULL,NULL,NULL,NULL,NULL,NULL,NULL,NULL,NULL,NULL,NULL,NULL,NULL,NULL,NULL,NULL,NULL,NULL,NULL,NULL,NULL,NULL,NULL,NULL,NULL,NULL,NULL,NULL,NULL,NULL,NULL,NULL,NULL,NULL,NULL,NULL,NULL,NULL,NULL,NULL,NULL,NULL,NULL,NULL,NULL,NULL,NULL,NULL,NULL,NULL,NULL,NULL,NULL,NULL,NULL,NULL,NULL,NULL,NULL,NULL,NULL,NULL,NULL,NULL,NULL,NULL
2020-03-16 10:17:03.3228,10:17:03.3228,2020-03-16,0.0000,91180.408545,90941.4679877118,0020200316101306,False,True,None,0.0000,False,NULL,NULL,NULL,True,None,-0.3617,-0.0387,0.9315,-0.3559,-0.0378,0.9338,1,1,Playing,153.5000,Normal,127.7026,25.7974,7,9,5.0000,3.2000,3.0000,0.6000,0.4000,rtii,Mole Hit,MoleEvent,-2.7880,0.3775,5.5688,-2.7880,-1.4725,5.0188,3.5000,1.8543,0202,2,2,0.1111,0.2000,0.0419,0.1559,-0.7738,0.7428,0.4926,2.2194,338.7810,358.4004,0.3417,0.1601,0.0595,381.8606,751.4053,384.0450,-0.4817,1.2389,0.0400,7.4738,348.9733,2.2827,376.9409,380.2131,366.9959,0.0000,0.0000,0.0000,0.0000,0.0000,0.0000,0.0000,0.0000,0.0000,0.0000,0.0000,0.0000,0.0000,0.0000,0.0000,0.0000,0.0000,0.0000,0.0000,0.0000,0.0000,-2.7430,0.5338,5.6593,2.2194,338.7810,358.4004,3.4628,2.6765,2.2648,0202,2,2,-2.7880,0.3775,5.5688,-2.7880,-1.4725,5.0188,NULL,NULL
2020-03-16 10:17:04.9974,10:17:04.9974,2020-03-16,1.6875,91182.083781,90941.4679877118,0020200316101306,False,True,None,0.0000,False,NULL,NULL,NULL,True,None,-0.3617,-0.0387,0.9315,-0.3559,-0.0378,0.9338,1,1,Playing,153.5000,Normal,129.3651,24.1349,7,9,5.0000,3.2000,3.0000,0.6000,0.4000,rtii,Mole Spawned,MoleEvent,-0.4355,3.3225,6.3229,-0.4355,1.4725,5.7729,3.5000,NULL,0505,5,5,0.4444,0.8000,NULL,NULL,-0.5064,0.8874,0.4473,342.2545,8.0240,357.0992,0.3556,0.1449,0.0738,381.4345,397.3746,2175.4760,-0.4510,1.2611,0.0239,352.6815,5.7507,357.8364,374.5290,377.0027,364.9595,0.0000,0.0000,0.0000,0.0000,0.0000,0.0000,0.0000,0.0000,0.0000,0.0000,0.0000,0.0000,0.0000,0.0000,0.0000,0.0000,0.0000,0.0000,0.0000,0.0000,0.0000,0.3788,2.8610,6.5667,342.2545,8.0240,357.0992,4.4468,2.5374,1.7500,0202,2,2,-2.7880,0.3775,5.5688,-2.7880,-1.4725,5.0188,NULL,NULL
2020-03-16 10:17:06.3241,10:17:06.3241,2020-03-16,1.3163,91183.410332,90941.4679877118,0020200316101306,False,True,None,0.0000,False,NULL,NULL,NULL,True,None,-0.0033,0.3762,0.9265,-0.0007,0.3808,0.9247,1,1,Playing,153.5000,Normal,130.7064,22.7936,7,9,5.0000,3.2000,3.0000,0.6000,0.4000,rtii,Pointer Shoot,PointerEvent,NULL,NULL,NULL,NULL,NULL,NULL,NULL,NULL,NULL,NULL,NULL,NULL,NULL,NULL,NULL,NULL,NULL,NULL,NULL,NULL,NULL,NULL,NULL,NULL,NULL,NULL,NULL,NULL,NULL,NULL,NULL,NULL,NULL,NULL,NULL,NULL,NULL,NULL,NULL,NULL,NULL,NULL,NULL,NULL,NULL,NULL,NULL,NULL,NULL,NULL,NULL,NULL,NULL,NULL,NULL,NULL,NULL,NULL,NULL,NULL,NULL,NULL,NULL,NULL,NULL,NULL,NULL,NULL,NULL,NULL,NULL,NULL,NULL,NULL,NULL,NULL,NULL
2020-03-16 10:17:06.3261,10:17:06.3261,2020-03-16,0.0000,91183.412229,90941.4679877118,0020200316101306,False,True,None,0.0000,False,NULL,NULL,NULL,True,None,-0.0033,0.3762,0.9265,-0.0007,0.3808,0.9247,1,1,Playing,153.5000,Normal,130.7064,22.7936,7,9,5.0000,3.2000,3.0000,0.6000,0.4000,rtii,Mole Hit,MoleEvent,-0.4355,3.3225,6.3229,-0.4355,1.4725,5.7729,3.5000,1.3413,0505,5,5,0.4444,0.8000,-0.1157,0.0132,-0.5467,0.9310,0.4679,337.9027,359.7944,0.2561,0.1102,0.0574,0.0260,7.8851,1813.4390,1088.3690,-0.4486,1.2617,0.0237,352.3186,5.5534,357.0995,1.6649,2.4564,1.5154,0.0000,0.0000,0.0000,0.0000,0.0000,0.0000,0.0000,0.0000,0.0000,0.0000,0.0000,0.0000,0.0000,0.0000,0.0000,0.0000,0.0000,0.0000,0.0000,0.0000,0.0000,-0.5511,3.3320,6.2982,337.9027,359.7944,0.2561,1.8429,0.8259,0.4119,0505,5,5,-0.4355,3.3225,6.3229,-0.4355,1.4725,5.7729,NULL,NULL
2020-03-16 10:17:08.5067,10:17:08.5067,2020-03-16,2.1887,91185.593273,90941.4679877118,0020200316101306,False,True,None,0.0000,False,NULL,NULL,NULL,True,None,-0.0033,0.3762,0.9265,-0.0007,0.3808,0.9247,1,1,Playing,153.5000,Normal,132.8727,20.6273,7,9,5.0000,3.2000,3.0000,0.6000,0.4000,rtii,Mole Spawned,MoleEvent,1.2876,-0.5011,5.8302,1.2876,-2.3511,5.2802,3.5000,NULL,0701,7,1,0.6667,0.0000,NULL,NULL,-0.5438,0.8524,0.4470,347.5656,3.1199,358.8159,0.1271,0.1047,0.0397,14.9666,1098.0320,1806.0740,-0.4542,1.2606,0.0236,352.9607,2.0438,357.6195,2.1760,5.7766,2.1798,0.0000,0.0000,0.0000,0.0000,0.0000,0.0000,0.0000,0.0000,0.0000,0.0000,0.0000,0.0000,0.0000,0.0000,0.0000,0.0000,0.0000,0.0000,0.0000,0.0000,0.0000,-0.2127,2.1961,6.5370,347.5656,3.1199,358.8159,2.1513,1.6936,0.9022,0505,5,5,-0.4355,3.3225,6.3229,-0.4355,1.4725,5.7729,NULL,NULL
2020-03-16 10:17:10.5727,10:17:10.5727,2020-03-16,2.0553,91187.659459,90941.4679877118,0020200316101306,False,True,None,0.0000,False,NULL,NULL,NULL,True,None,0.2876,-0.1951,0.9377,0.2946,-0.1960,0.9353,1,1,Playing,153.5000,Normal,134.9504,18.5496,7,9,5.0000,3.2000,3.0000,0.6000,0.4000,rtii,Pointer Shoot,PointerEvent,NULL,NULL,NULL,NULL,NULL,NULL,NULL,NULL,NULL,NULL,NULL,NULL,NULL,NULL,NULL,NULL,NULL,NULL,NULL,NULL,NULL,NULL,NULL,NULL,NULL,NULL,NULL,NULL,NULL,NULL,NULL,NULL,NULL,NULL,NULL,NULL,NULL,NULL,NULL,NULL,NULL,NULL,NULL,NULL,NULL,NULL,NULL,NULL,NULL,NULL,NULL,NULL,NULL,NULL,NULL,NULL,NULL,NULL,NULL,NULL,NULL,NULL,NULL,NULL,NULL,NULL,NULL,NULL,NULL,NULL,NULL,NULL,NULL,NULL,NULL,NULL,NULL
2020-03-16 10:17:10.5747,10:17:10.5757,2020-03-16,0.0000,91187.661833,90941.4679877118,0020200316101306,False,True,None,0.0000,False,NULL,NULL,NULL,True,None,0.2876,-0.1951,0.9377,0.2946,-0.1960,0.9353,1,1,Playing,153.5000,Normal,134.9504,18.5496,7,9,5.0000,3.2000,3.0000,0.6000,0.4000,rtii,Mole Hit,MoleEvent,1.2876,-0.5011,5.8302,1.2876,-2.3511,5.2802,3.5000,2.0777,0701,7,1,0.6667,0.0000,0.0308,0.0177,-0.3925,0.6549,0.4009,11.2477,17.0502,356.2156,0.2272,0.2298,0.0981,388.4179,30.7880,736.2279,-0.4416,1.2348,0.0476,9.8056,7.2482,357.3437,376.0678,8.2191,2.6349,0.0000,0.0000,0.0000,0.0000,0.0000,0.0000,0.0000,0.0000,0.0000,0.0000,0.0000,0.0000,0.0000,0.0000,0.0000,0.0000,0.0000,0.0000,0.0000,0.0000,0.0000,1.3155,-0.4815,5.8235,11.2477,17.0502,356.2156,3.3673,3.3340,1.7422,0701,7,1,1.2876,-0.5011,5.8302,1.2876,-2.3511,5.2802,NULL,NULL
2020-03-16 10:17:12.0154,10:17:12.0154,2020-03-16,1.4577,91189.101679,90941.4679877118,0020200316101306,False,True,None,0.0000,False,NULL,NULL,NULL,True,None,0.2876,-0.1951,0.9377,0.2946,-0.1960,0.9353,1,1,Playing,153.5000,Normal,136.3850,17.1150,7,9,5.0000,3.2000,3.0000,0.6000,0.4000,rtii,Mole Spawned,MoleEvent,-1.2876,1.3487,6.3795,-1.2876,-0.5013,5.8295,3.5000,NULL,0403,4,3,0.3333,0.4000,NULL,NULL,-0.5580,0.8712,0.4412,345.5724,0.7189,0.4870,0.3248,0.2164,0.1201,384.3186,753.7821,2528.9440,-0.4492,1.2684,0.0125,347.6922,0.1451,355.0264,381.0535,734.3771,3.4513,0.0000,0.0000,0.0000,0.0000,0.0000,0.0000,0.0000,0.0000,0.0000,0.0000,0.0000,0.0000,0.0000,0.0000,0.0000,0.0000,0.0000,0.0000,0.0000,0.0000,0.0000,-0.6045,2.4216,6.4686,345.5724,0.7189,0.4870,4.1255,3.1188,1.9409,0701,7,1,1.2876,-0.5011,5.8302,1.2876,-2.3511,5.2802,NULL,NULL
2020-03-16 10:17:13.7188,10:17:13.7188,2020-03-16,1.6923,91190.805814,90941.4679877118,0020200316101306,False,True,None,0.0000,False,NULL,NULL,NULL,True,None,-0.1338,0.1022,0.9857,-0.1387,0.1042,0.9848,1,1,Playing,153.5000,Normal,138.1004,15.3996,7,9,5.0000,3.2000,3.0000,0.6000,0.4000,rtii,Pointer Shoot,PointerEvent,NULL,NULL,NULL,NULL,NULL,NULL,NULL,NULL,NULL,NULL,NULL,NULL,NULL,NULL,NULL,NULL,NULL,NULL,NULL,NULL,NULL,NULL,NULL,NULL,NULL,NULL,NULL,NULL,NULL,NULL,NULL,NULL,NULL,NULL,NULL,NULL,NULL,NULL,NULL,NULL,NULL,NULL,NULL,NULL,NULL,NULL,NULL,NULL,NULL,NULL,NULL,NULL,NULL,NULL,NULL,NULL,NULL,NULL,NULL,NULL,NULL,NULL,NULL,NULL,NULL,NULL,NULL,NULL,NULL,NULL,NULL,NULL,NULL,NULL,NULL,NULL,NULL
2020-03-16 10:17:13.7218,10:17:13.7218,2020-03-16,0.0000,91190.807846,90941.4679877118,0020200316101306,False,True,None,0.0000,False,NULL,NULL,NULL,True,None,-0.1338,0.1022,0.9857,-0.1387,0.1042,0.9848,1,1,Playing,153.5000,Normal,138.1004,15.3996,7,9,5.0000,3.2000,3.0000,0.6000,0.4000,rtii,Mole Hit,MoleEvent,-1.2876,1.3487,6.3795,-1.2876,-0.5013,5.8295,3.5000,1.7154,0403,4,3,0.3333,0.4000,-0.1674,0.0757,-0.6287,0.8037,0.4741,354.1357,352.2687,358.9761,0.1541,0.1143,0.0580,15.7458,383.6257,1810.1640,-0.4562,1.2571,0.0261,355.6886,358.2497,357.5032,8.7302,365.4623,3.6229,0.0000,0.0000,0.0000,0.0000,0.0000,0.0000,0.0000,0.0000,0.0000,0.0000,0.0000,0.0000,0.0000,0.0000,0.0000,0.0000,0.0000,0.0000,0.0000,0.0000,0.0000,-1.4535,1.4233,6.3305,354.1357,352.2687,358.9761,2.5177,1.7341,1.0484,0403,4,3,-1.2876,1.3487,6.3795,-1.2876,-0.5013,5.8295,NULL,NULL
2020-03-16 10:17:15.5300,10:17:15.5300,2020-03-16,1.8226,91192.616635,90941.4679877118,0020200316101306,False,True,None,0.0000,False,NULL,NULL,NULL,True,None,-0.1338,0.1022,0.9857,-0.1387,0.1042,0.9848,1,1,Playing,153.5000,Normal,139.8975,13.6025,7,9,5.0000,3.2000,3.0000,0.6000,0.4000,rtii,Mole Spawned,MoleEvent,2.7880,2.3513,5.7558,2.7880,0.5013,5.2058,3.5000,NULL,0904,9,4,0.8889,0.6000,NULL,NULL,-0.5570,0.8966,0.4352,343.2113,2.9834,0.6664,0.2902,0.1187,0.0900,15.9411,400.0062,372.1304,-0.4485,1.2616,0.0224,352.5565,3.1219,356.4514,3.9798,369.1296,2.4586,0.0000,0.0000,0.0000,0.0000,0.0000,0.0000,0.0000,0.0000,0.0000,0.0000,0.0000,0.0000,0.0000,0.0000,0.0000,0.0000,0.0000,0.0000,0.0000,0.0000,0.0000,-0.2422,2.7511,6.5844,343.2113,2.9834,0.6664,4.5421,1.9480,1.2045,0403,4,3,-1.2876,1.3487,6.3795,-1.2876,-0.5013,5.8295,NULL,NULL
2020-03-16 10:17:17.7369,10:17:17.7369,2020-03-16,2.1978,91194.823423,90941.4679877118,0020200316101306,False,True,None,0.0000,False,NULL,NULL,NULL,True,None,0.4879,0.2254,0.8433,0.4935,0.2251,0.8401,1,1,Playing,153.5000,Normal,142.1208,11.3792,7,9,5.0000,3.2000,3.0000,0.6000,0.4000,rtii,Pointer Shoot,PointerEvent,NULL,NULL,NULL,NULL,NULL,NULL,NULL,NULL,NULL,NULL,NULL,NULL,NULL,NULL,NULL,NULL,NULL,NULL,NULL,NULL,NULL,NULL,NULL,NULL,NULL,NULL,NULL,NULL,NULL,NULL,NULL,NULL,NULL,NULL,NULL,NULL,NULL,NULL,NULL,NULL,NULL,NULL,NULL,NULL,NULL,NULL,NULL,NULL,NULL,NULL,NULL,NULL,NULL,NULL,NULL,NULL,NULL,NULL,NULL,NULL,NULL,NULL,NULL,NULL,NULL,NULL,NULL,NULL,NULL,NULL,NULL,NULL,NULL,NULL,NULL,NULL,NULL
2020-03-16 10:17:17.7389,10:17:17.7389,2020-03-16,0.0000,91194.825623,90941.4679877118,0020200316101306,False,True,None,0.0000,False,NULL,NULL,NULL,True,None,0.4879,0.2254,0.8433,0.4935,0.2251,0.8401,1,1,Playing,153.5000,Normal,142.1208,11.3792,7,9,5.0000,3.2000,3.0000,0.6000,0.4000,rtii,Mole Hit,MoleEvent,2.7880,2.3513,5.7558,2.7880,0.5013,5.2058,3.5000,2.2233,0904,9,4,0.8889,0.6000,0.0726,-0.0621,-0.2568,0.8675,0.4031,346.9717,30.0510,356.2944,0.4332,0.1478,0.1115,18.3388,770.2529,378.0563,-0.4294,1.2584,0.0229,354.3090,12.6840,352.8571,5.5437,13.6950,6.7378,0.0000,0.0000,0.0000,0.0000,0.0000,0.0000,0.0000,0.0000,0.0000,0.0000,0.0000,0.0000,0.0000,0.0000,0.0000,0.0000,0.0000,0.0000,0.0000,0.0000,0.0000,2.8555,2.2870,5.7009,346.9717,30.0510,356.2944,5.6924,2.1566,2.4160,0904,9,4,2.7880,2.3513,5.7558,2.7880,0.5013,5.2058,NULL,NULL
2020-03-16 10:17:19.0339,10:17:19.0339,2020-03-16,1.3070,91196.120559,90941.4679877118,0020200316101306,False,True,None,0.0000,False,NULL,NULL,NULL,True,None,0.4879,0.2254,0.8433,0.4935,0.2251,0.8401,1,1,Playing,153.5000,Normal,143.4065,10.0935,7,9,5.0000,3.2000,3.0000,0.6000,0.4000,rtii,Mole Spawned,MoleEvent,-2.7880,3.3225,5.5688,-2.7880,1.4725,5.0188,3.5000,NULL,0205,2,5,0.1111,0.8000,NULL,NULL,-0.5172,0.8663,0.4362,347.5635,6.1587,4.8278,0.3363,0.0339,0.0645,7.1253,37.2158,375.1052,-0.4529,1.2609,0.0229,353.0092,359.5495,356.2982,2.7245,375.7345,5.6839,0.0000,0.0000,0.0000,0.0000,0.0000,0.0000,0.0000,0.0000,0.0000,0.0000,0.0000,0.0000,0.0000,0.0000,0.0000,0.0000,0.0000,0.0000,0.0000,0.0000,0.0000,0.0113,2.2425,6.6484,347.5635,6.1587,4.8278,4.0096,1.0335,1.9739,0904,9,4,2.7880,2.3513,5.7558,2.7880,0.5013,5.2058,NULL,NULL
2020-03-16 10:17:20.5884,10:17:20.5884,2020-03-16,1.5380,91197.674758,90941.4679877118,0020200316101306,False,True,None,0.0000,False,NULL,NULL,NULL,True,None,-0.3459,0.3892,0.8537,-0.3398,0.3878,0.8568,1,1,Playing,153.5000,Normal,144.9659,8.5341,7,9,5.0000,3.2000,3.0000,0.6000,0.4000,rtii,Pointer Shoot,PointerEvent,NULL,NULL,NULL,NULL,NULL,NULL,NULL,NULL,NULL,NULL,NULL,NULL,NULL,NULL,NULL,NULL,NULL,NULL,NULL,NULL,NULL,NULL,NULL,NULL,NULL,NULL,NULL,NULL,NULL,NULL,NULL,NULL,NULL,NULL,NULL,NULL,NULL,NULL,NULL,NULL,NULL,NULL,NULL,NULL,NULL,NULL,NULL,NULL,NULL,NULL,NULL,NULL,NULL,NULL,NULL,NULL,NULL,NULL,NULL,NULL,NULL,NULL,NULL,NULL,NULL,NULL,NULL,NULL,NULL,NULL,NULL,NULL,NULL,NULL,NULL,NULL,NULL
2020-03-16 10:17:20.5904,10:17:20.5904,2020-03-16,0.0000,91197.677149,90941.4679877118,0020200316101306,False,True,None,0.0000,False,NULL,NULL,NULL,True,None,-0.3459,0.3892,0.8537,-0.3398,0.3878,0.8568,1,1,Playing,153.5000,Normal,144.9659,8.5341,7,9,5.0000,3.2000,3.0000,0.6000,0.4000,rtii,Mole Hit,MoleEvent,-2.7880,3.3225,5.5688,-2.7880,1.4725,5.0188,3.5000,1.5594,0205,2,5,0.1111,0.8000,-0.0185,-0.0566,-0.7776,0.9503,0.4641,337.0970,337.9413,3.3680,0.2793,0.1007,0.0473,13.7288,388.8588,16.1782,-0.4692,1.2645,0.0183,350.6602,348.9392,357.3958,4.0879,12.1588,2.9788,0.0000,0.0000,0.0000,0.0000,0.0000,0.0000,0.0000,0.0000,0.0000,0.0000,0.0000,0.0000,0.0000,0.0000,0.0000,0.0000,0.0000,0.0000,0.0000,0.0000,0.0000,-2.8032,3.2620,5.5708,337.0970,337.9413,3.3680,3.5410,1.5009,1.9863,0205,2,5,-2.7880,3.3225,5.5688,-2.7880,1.4725,5.0188,NULL,NULL
2020-03-16 10:17:22.5428,10:17:22.5428,2020-03-16,1.9697,91199.628819,90941.4679877118,0020200316101306,False,True,None,0.0000,False,NULL,NULL,NULL,True,None,-0.3459,0.3892,0.8537,-0.3398,0.3878,0.8568,1,1,Playing,153.5000,Normal,146.9133,6.5867,7,9,5.0000,3.2000,3.0000,0.6000,0.4000,rtii,Mole Spawned,MoleEvent,3.3709,2.3513,5.2897,3.3709,0.5013,4.7397,3.5000,NULL,1004,10,4,1.0000,0.6000,NULL,NULL,-0.5621,0.8775,0.4431,345.3070,1.0988,0.1152,0.3145,0.1245,0.0595,16.8713,399.1674,2895.1020,-0.4473,1.2596,0.0236,353.9227,2.7665,355.7843,4.6845,375.1452,4.4148,0.0000,0.0000,0.0000,0.0000,0.0000,0.0000,0.0000,0.0000,0.0000,0.0000,0.0000,0.0000,0.0000,0.0000,0.0000,0.0000,0.0000,0.0000,0.0000,0.0000,0.0000,-0.4333,2.4663,6.4874,345.3070,1.0988,0.1152,4.2304,1.7350,1.7036,0205,2,5,-2.7880,3.3225,5.5688,-2.7880,1.4725,5.0188,NULL,NULL
2020-03-16 10:17:24.6479,10:17:24.6479,2020-03-16,2.0886,91201.734363,90941.4679877118,0020200316101306,False,True,None,0.0000,False,NULL,NULL,NULL,True,None,0.5853,0.2561,0.7693,0.5914,0.2533,0.7655,1,1,Playing,153.5000,Normal,149.0241,4.4759,7,9,5.0000,3.2000,3.0000,0.6000,0.4000,rtii,Pointer Shoot,PointerEvent,NULL,NULL,NULL,NULL,NULL,NULL,NULL,NULL,NULL,NULL,NULL,NULL,NULL,NULL,NULL,NULL,NULL,NULL,NULL,NULL,NULL,NULL,NULL,NULL,NULL,NULL,NULL,NULL,NULL,NULL,NULL,NULL,NULL,NULL,NULL,NULL,NULL,NULL,NULL,NULL,NULL,NULL,NULL,NULL,NULL,NULL,NULL,NULL,NULL,NULL,NULL,NULL,NULL,NULL,NULL,NULL,NULL,NULL,NULL,NULL,NULL,NULL,NULL,NULL,NULL,NULL,NULL,NULL,NULL,NULL,NULL,NULL,NULL,NULL,NULL,NULL,NULL
2020-03-16 10:17:24.6498,10:17:24.6498,2020-03-16,0.0000,91201.736587,90941.4679877118,0020200316101306,False,True,None,0.0000,False,NULL,NULL,NULL,True,None,0.5853,0.2561,0.7693,0.5914,0.2533,0.7655,1,1,Playing,153.5000,Normal,149.0241,4.4759,7,9,5.0000,3.2000,3.0000,0.6000,0.4000,rtii,Mole Hit,MoleEvent,3.3709,2.3513,5.2897,3.3709,0.5013,4.7397,3.5000,2.1109,1004,10,4,1.0000,0.6000,0.1129,0.1146,-0.2083,0.8852,0.3682,345.1606,37.2680,356.7032,0.3896,0.0576,0.1047,8.9686,44.3678,373.0820,-0.4263,1.2564,0.0242,355.5504,15.1122,352.7330,3.3092,14.2669,5.0344,0.0000,0.0000,0.0000,0.0000,0.0000,0.0000,0.0000,0.0000,0.0000,0.0000,0.0000,0.0000,0.0000,0.0000,0.0000,0.0000,0.0000,0.0000,0.0000,0.0000,0.0000,3.4769,2.4633,5.1385,345.1606,37.2680,356.7032,4.9535,1.2259,2.7061,1004,10,4,3.3709,2.3513,5.2897,3.3709,0.5013,4.7397,NULL,NULL
2020-03-16 10:17:29.1436,10:17:29.1436,2020-03-16,4.5051,91206.229786,90941.4679877118,0020200316101306,False,True,None,0.0000,False,NULL,NULL,NULL,True,None,0.5853,0.2561,0.7693,0.5914,0.2533,0.7655,1,1,Playing,153.5000,Normal,180.0000,0.0000,7,9,5.0000,3.2000,3.0000,0.6000,0.4000,rtii,Game Finished,GameEvent,NULL,NULL,NULL,NULL,NULL,NULL,NULL,NULL,NULL,NULL,NULL,NULL,NULL,NULL,NULL,NULL,NULL,NULL,NULL,NULL,NULL,NULL,NULL,NULL,NULL,NULL,NULL,NULL,NULL,NULL,NULL,NULL,NULL,NULL,NULL,NULL,NULL,NULL,NULL,NULL,NULL,NULL,NULL,NULL,NULL,NULL,NULL,NULL,NULL,NULL,NULL,NULL,NULL,NULL,NULL,NULL,NULL,NULL,NULL,NULL,NULL,NULL,NULL,NULL,NULL,NULL,NULL,NULL,NULL,NULL,NULL,NULL,NULL,NULL,NULL,NULL,NULL
